seed,x,z,latitudeDegrees,temperatureC,rainfallMm,evaporationMm,aridity,marineClass,winner
8675309,-8192,-2000000,-85.71428571428571,-7.190668887150325,1143.1775974605182,430.0,2.6585525522337634,COASTAL_WATER,minecraft:frozen_ocean
8675309,0,-2000000,-85.71428571428571,-5.767609878483632,1246.100683385747,430.0,2.897908566013365,MAJOR_OCEAN,minecraft:deep_frozen_ocean
8675309,8192,-2000000,-85.71428571428571,-7.2482842682602735,1041.7155360176537,430.0,2.422594269808497,COASTAL_WATER,minecraft:frozen_ocean
8675309,-8192,-500000,-75.0,-8.714899282666813,647.6514959679703,504.65462302219856,1.2833559159518124,LAND,minecraft:ice_spikes
8675309,0,-500000,-75.0,-2.022100399741527,1278.196097797198,483.60219280465253,2.6430734120213466,MAJOR_OCEAN,minecraft:deep_frozen_ocean
8675309,8192,-500000,-75.0,-7.917148359013764,666.4071665495258,499.7506504710924,1.3334793379885224,LAND,minecraft:ice_spikes
8675309,-8192,-150000,-54.0,4.46542289711111,977.1589030769329,607.8170122043125,1.6076530986409265,LAND,minecraft:old_growth_pine_taiga
8675309,0,-150000,-54.0,5.352224666886431,1170.7311638620527,616.3400440039558,1.8994890487020486,MAJOR_OCEAN,minecraft:deep_cold_ocean
8675309,8192,-150000,-54.0,4.523783377817864,1119.9121263513748,603.960987283568,1.8542789185579642,LAND,minecraft:old_growth_pine_taiga
8675309,-8192,-60000,-33.75,10.193207982371371,747.30206264889,753.9940709857042,0.9911245875871867,LAND,minecraft:old_growth_pine_taiga
8675309,0,-60000,-33.75,12.186922871946035,1295.5999308215776,739.3646116950287,1.7523153128080513,MAJOR_OCEAN,minecraft:deep_ocean
8675309,8192,-60000,-33.75,10.075589275421795,759.2245711119314,745.6462054630978,1.0182101988172803,LAND,minecraft:old_growth_pine_taiga
8675309,-8192,0,0.0,22.34373283962494,1264.3173069032325,922.1871911132489,1.3709985554852153,MAJOR_OCEAN,minecraft:deep_lukewarm_ocean
8675309,0,0,0.0,22.330036861073662,1354.4170962910514,921.9406634993259,1.4690935652520352,MAJOR_OCEAN,minecraft:deep_lukewarm_ocean
8675309,8192,0,0.0,22.340855298800644,1230.1749404151087,922.1353953784117,1.3340502344672374,MAJOR_OCEAN,minecraft:deep_lukewarm_ocean
8675309,-8192,60000,33.75,9.961496508148791,721.691874911645,747.455282562704,0.9655318408310295,LAND,minecraft:plains
8675309,0,60000,33.75,12.401887238273636,1221.192181855785,743.2339702889254,1.6430790715621593,MAJOR_OCEAN,minecraft:deep_ocean
8675309,8192,60000,33.75,10.265132772893372,719.8640524161035,752.984410535206,0.9560145500282519,LAND,minecraft:plains
8675309,-8192,150000,54.0,4.27943939971468,901.0802044619694,606.8451694353305,1.4848601420036427,LAND,minecraft:old_growth_pine_taiga
8675309,0,150000,54.0,5.342190352874719,1316.5870812885148,616.159426351745,2.136763676706163,MAJOR_OCEAN,minecraft:deep_cold_ocean
8675309,8192,150000,54.0,4.606674875935153,969.2751552919935,607.9324581164009,1.594379675490869,LAND,minecraft:old_growth_spruce_taiga
8675309,-8192,500000,75.0,-8.297311660880842,638.8198410210881,502.3337269780543,1.27170406188752,LAND,minecraft:ice_spikes
8675309,0,500000,75.0,-1.8665774322039974,1073.2883761539347,486.40160622032806,2.206588881344609,MAJOR_OCEAN,minecraft:deep_frozen_ocean
8675309,8192,500000,75.0,-8.598593374458206,684.8378248669128,504.05285368298655,1.3586627272576204,LAND,minecraft:ice_spikes
8675309,-8192,2000000,85.71428571428571,-7.269537191640522,1118.5332859362052,430.0,2.60124019985164,COASTAL_WATER,minecraft:frozen_ocean
8675309,0,2000000,85.71428571428571,-5.850753347837696,1053.6179800399814,430.0,2.450274372186003,MAJOR_OCEAN,minecraft:deep_frozen_ocean
8675309,8192,2000000,85.71428571428571,-7.359727320281491,1240.181301909348,430.0,2.884142562579879,COASTAL_WATER,minecraft:frozen_ocean
4303642605,-8192,-2000000,-85.71428571428571,-7.35074251123374,1096.7192296993999,430.0,2.550509836510232,COASTAL_WATER,minecraft:frozen_ocean
4303642605,0,-2000000,-85.71428571428571,-6.073572558800761,1159.1428569445122,430.0,2.6956810626616563,MAJOR_OCEAN,minecraft:deep_frozen_ocean
4303642605,8192,-2000000,-85.71428571428571,-7.331983044048856,1030.5373492716553,430.0,2.3965984866782684,COASTAL_WATER,minecraft:frozen_ocean
4303642605,-8192,-500000,-75.0,-8.671032634764972,648.0989375712778,504.17233712763766,1.28547103806531,LAND,minecraft:ice_spikes
4303642605,0,-500000,-75.0,-1.9804033449055525,1158.5176152029999,484.35273979170006,2.3918882253070977,MAJOR_OCEAN,minecraft:deep_frozen_ocean
4303642605,8192,-500000,-75.0,-8.215441326472504,637.3159276209055,501.3250346942179,1.2712629202920915,LAND,minecraft:ice_spikes
4303642605,-8192,-150000,-54.0,4.0204552571306085,924.0798242347604,606.9720414452593,1.5224421573594011,LAND,minecraft:old_growth_pine_taiga
4303642605,0,-150000,-54.0,5.337564859597803,1182.8190041933285,616.0761674727605,1.919923325463854,MAJOR_OCEAN,minecraft:deep_cold_ocean
4303642605,8192,-150000,-54.0,4.4610349271954775,889.0950098873649,610.4028820868622,1.4565707927978688,LAND,minecraft:old_growth_pine_taiga
4303642605,-8192,-60000,-33.75,10.052534755044515,717.4998486815247,753.2475094819836,0.9525419462388359,LAND,minecraft:plains
4303642605,0,-60000,-33.75,12.512217757186527,1078.5773093968771,745.2199196293575,1.4473275351165038,MAJOR_OCEAN,minecraft:deep_ocean
4303642605,8192,-60000,-33.75,9.948217985600202,776.3634186668191,749.7285137973762,1.0355260662750267,LAND,minecraft:old_growth_pine_taiga
4303642605,-8192,0,0.0,22.51385408807932,1377.7061396912395,925.2493735854277,1.489010615973183,MAJOR_OCEAN,minecraft:deep_lukewarm_ocean
4303642605,0,0,0.0,22.51767138243844,1392.6797866069203,925.318084883892,1.5050822083323623,MAJOR_OCEAN,minecraft:deep_lukewarm_ocean
4303642605,8192,0,0.0,22.672371373943157,1334.595051318066,928.1026847309768,1.4379821040006113,MAJOR_OCEAN,minecraft:deep_lukewarm_ocean
4303642605,-8192,60000,33.75,10.28000950232645,725.4557102385826,753.9109199405001,0.9622565359523334,LAND,minecraft:plains
4303642605,0,60000,33.75,12.138539921568338,1171.828664055122,738.4937185882301,1.5867821682969672,MAJOR_OCEAN,minecraft:deep_ocean
4303642605,8192,60000,33.75,9.908073305999762,698.7942966153657,753.2014614455884,0.9277654550406723,LAND,minecraft:plains
4303642605,-8192,150000,54.0,4.237008008821904,825.0159496901917,609.2897464063037,1.3540617654511313,LAND,minecraft:old_growth_pine_taiga
4303642605,0,150000,54.0,5.593147704003486,1296.2333470494464,620.6766586720628,2.088419677038825,MAJOR_OCEAN,minecraft:deep_cold_ocean
4303642605,8192,150000,54.0,4.3972396852347835,1081.7257400281126,604.7402604644004,1.7887443763003623,LAND,minecraft:old_growth_spruce_taiga
4303642605,-8192,500000,75.0,-8.36489965428391,636.6306191360325,502.0023924666647,1.2681824403422695,LAND,minecraft:ice_spikes
4303642605,0,500000,75.0,-2.118053762964973,1096.1319215034544,481.87503226663046,2.2747223825801877,MAJOR_OCEAN,minecraft:deep_frozen_ocean
4303642605,8192,500000,75.0,-7.9729925910792145,610.9503252774829,499.36658273396245,1.2234505599726258,LAND,minecraft:ice_spikes
4303642605,-8192,2000000,85.71428571428571,-7.223505811472784,1106.9673560431647,430.0,2.574342688472476,COASTAL_WATER,minecraft:frozen_ocean
4303642605,0,2000000,85.71428571428571,-5.945177427210049,1266.5485171612293,430.0,2.9454616678168124,MAJOR_OCEAN,minecraft:deep_frozen_ocean
4303642605,8192,2000000,85.71428571428571,-7.499961308630901,1168.0795652381844,430.0,2.71646410520508,COASTAL_WATER,minecraft:frozen_ocean
42,-8192,-2000000,-85.71428571428571,-7.36674083309276,1099.9755089240311,430.0,2.558082578893096,COASTAL_WATER,minecraft:frozen_ocean
42,0,-2000000,-85.71428571428571,-6.112310060784387,1217.3776101452115,430.0,2.8311107212679336,MAJOR_OCEAN,minecraft:deep_frozen_ocean
42,8192,-2000000,-85.71428571428571,-7.510692501294954,1213.4998719510695,430.0,2.8220927254676034,COASTAL_WATER,minecraft:frozen_ocean
42,-8192,-500000,-75.0,-8.408044616596914,706.3549706577774,503.9655542856098,1.4015937491185526,LAND,minecraft:ice_spikes
42,0,-500000,-75.0,-2.1182155086778462,1169.109269143037,481.87212084379877,2.4261815916966265,MAJOR_OCEAN,minecraft:deep_frozen_ocean
42,8192,-500000,-75.0,-8.443623757792746,648.3064699913311,500.87884697963784,1.294337890091986,LAND,minecraft:ice_spikes
42,-8192,-150000,-54.0,4.643364864805461,870.3222105329021,608.5928779160664,1.4300565157992728,LAND,minecraft:old_growth_pine_taiga
42,0,-150000,-54.0,5.4146732270290165,1355.9918437597298,617.4641180865223,2.196065818305123,MAJOR_OCEAN,minecraft:deep_cold_ocean
42,8192,-150000,-54.0,4.255601312558468,762.5307733985841,611.7469297430672,1.246480752619136,LAND,minecraft:old_growth_pine_taiga
42,-8192,-60000,-33.75,10.016988115183404,749.0827187642549,751.3091870986749,0.9970365485040613,LAND,minecraft:old_growth_pine_taiga
42,0,-60000,-33.75,12.453988943973433,1256.3087525008198,744.1718009915218,1.6881972023488871,MAJOR_OCEAN,minecraft:deep_ocean
42,8192,-60000,-33.75,10.080332870086092,813.9302787116252,748.8169613629905,1.086954917834815,LAND,minecraft:forest
42,-8192,0,0.0,22.370133320191226,1443.8713731843343,922.6623997634421,1.5648967309760569,MAJOR_OCEAN,minecraft:deep_lukewarm_ocean
42,0,0,0.0,22.489362740167326,1256.6599110503223,924.808529323012,1.3588325271721224,MAJOR_OCEAN,minecraft:deep_lukewarm_ocean
42,8192,0,0.0,22.482170998655455,1410.8145999051062,924.6790779757982,1.52573431529726,MAJOR_OCEAN,minecraft:deep_lukewarm_ocean
42,-8192,60000,33.75,9.867693001976214,755.974281060483,747.340778666791,1.011552296676616,LAND,minecraft:old_growth_pine_taiga
42,0,60000,33.75,12.158384095740079,1213.1753686407794,738.8509137233214,1.6419758656413859,MAJOR_OCEAN,minecraft:deep_ocean
42,8192,60000,33.75,9.786451148851148,682.6246085878734,749.3564300983007,0.910947822918296,LAND,minecraft:plains
42,-8192,150000,54.0,4.16473003021262,914.3235256535067,607.1061127672341,1.5060357759963134,LAND,minecraft:old_growth_pine_taiga
42,0,150000,54.0,5.558456828474343,1273.418235733119,620.0522229125381,2.0537273937210636,MAJOR_OCEAN,minecraft:deep_cold_ocean
42,8192,150000,54.0,4.626112247713312,949.3741981100624,610.2966687683196,1.5555945930789001,LAND,minecraft:old_growth_pine_taiga
42,-8192,500000,75.0,-4.964526776282775,744.6129299889924,435.6508283764781,1.709196635213367,LAND,minecraft:snowy_taiga
42,0,500000,75.0,-2.187951399472832,978.8067479586422,480.616874809489,2.0365634235099006,MAJOR_OCEAN,minecraft:deep_frozen_ocean
42,8192,500000,75.0,-8.454696497696384,660.1732646530133,502.89078876975464,1.312756724512744,LAND,minecraft:ice_spikes
42,-8192,2000000,85.71428571428571,-7.375411601341086,1306.1654830167215,430.0,3.037594146550515,COASTAL_WATER,minecraft:frozen_ocean
42,0,2000000,85.71428571428571,-6.058099808921904,1254.6280214469423,430.0,2.917739584760331,MAJOR_OCEAN,minecraft:deep_frozen_ocean
42,8192,2000000,85.71428571428571,-7.358611160062671,1266.5085462778904,430.0,2.945368712274164,COASTAL_WATER,minecraft:frozen_ocean
-987654321,-8192,-2000000,-85.71428571428571,-7.507358374093137,1013.4904357775164,430.0,2.3569545018081777,COASTAL_WATER,minecraft:frozen_ocean
-987654321,0,-2000000,-85.71428571428571,-6.047850055273633,1209.869418007179,430.0,2.813649809319021,MAJOR_OCEAN,minecraft:deep_frozen_ocean
-987654321,8192,-2000000,-85.71428571428571,-7.2980245117682125,1132.5652500397862,430.0,2.6338726745111307,COASTAL_WATER,minecraft:frozen_ocean
-987654321,-8192,-500000,-75.0,-8.060588073931347,617.8838639010376,501.45966687873465,1.232170610543753,LAND,minecraft:ice_spikes
-987654321,0,-500000,-75.0,-2.030359454357036,1195.9035737976174,483.45352982157334,2.4736680984395454,MAJOR_OCEAN,minecraft:deep_frozen_ocean
-987654321,8192,-500000,-75.0,-8.151135796690713,651.4205643313151,500.61454801148926,1.3012417775688867,LAND,minecraft:ice_spikes
-987654321,-8192,-150000,-54.0,4.634413116024808,884.9313088923932,610.858836144759,1.4486674441469247,LAND,minecraft:old_growth_pine_taiga
-987654321,0,-150000,-54.0,5.571748362569754,1154.6811665528542,620.2914705262556,1.8615138550482115,MAJOR_OCEAN,minecraft:deep_cold_ocean
-987654321,8192,-150000,-54.0,4.4658634281276575,926.4804025727817,610.4897951036413,1.5176017846711025,LAND,minecraft:old_growth_spruce_taiga
-987654321,-8192,-60000,-33.75,10.115678389667869,742.7731382323,751.9535117062547,0.9877913018144917,LAND,minecraft:plains
-987654321,0,-60000,-33.75,12.498721604085766,1117.716903834529,744.9769888735439,1.5003374876378306,MAJOR_OCEAN,minecraft:deep_ocean
-987654321,8192,-60000,-33.75,9.937352240448373,739.495030546424,755.2346354332901,0.9791593179809133,LAND,minecraft:plains
-987654321,-8192,0,0.0,22.490168392555514,1233.0222261026286,924.8230310659992,1.3332520760013762,MAJOR_OCEAN,minecraft:deep_lukewarm_ocean
-987654321,0,0,0.0,22.391502151403397,1462.7602972202305,923.0470387252611,1.5847082931334895,MAJOR_OCEAN,minecraft:deep_lukewarm_ocean
-987654321,8192,0,0.0,22.528429282746416,1447.590312511267,925.5117270894355,1.5640972125374066,MAJOR_OCEAN,minecraft:deep_lukewarm_ocean
-987654321,-8192,60000,33.75,10.474298290214778,848.4360567162443,747.4697861838088,1.1350773936267267,LAND,minecraft:forest
-987654321,0,60000,33.75,12.459295338797487,1159.0698123117959,744.2673160983547,1.5573299905038758,MAJOR_OCEAN,minecraft:deep_ocean
-987654321,8192,60000,33.75,11.559428216563273,839.2762360945671,747.031684990813,1.123481443902729,LAND,minecraft:forest
-987654321,-8192,150000,54.0,3.8782903103603856,888.0205879695015,608.2265423262505,1.4600161718907205,LAND,minecraft:old_growth_pine_taiga
-987654321,0,150000,54.0,5.408687362341644,1247.06526721147,617.3563725221496,2.0200087384158776,MAJOR_OCEAN,minecraft:deep_cold_ocean
-987654321,8192,150000,54.0,4.155056438388522,912.1104956639708,606.9319881144004,1.5028215904350184,LAND,minecraft:old_growth_pine_taiga
-987654321,-8192,500000,75.0,-5.4847329328684875,683.9991025514759,446.646163233565,1.531411571073525,LAND,minecraft:snowy_taiga
-987654321,0,500000,75.0,-1.8431311021797392,1055.065709431679,486.8236401607647,2.1672441976796004,MAJOR_OCEAN,minecraft:deep_frozen_ocean
-987654321,8192,500000,75.0,-4.792544656765087,777.5146950628443,436.26708266107494,1.782198854702215,LAND,minecraft:snowy_taiga
-987654321,-8192,2000000,85.71428571428571,-7.544065131786526,1273.5090926987266,430.0,2.9616490527877364,COASTAL_WATER,minecraft:frozen_ocean
-987654321,0,2000000,85.71428571428571,-6.013016853169476,1294.269400187151,430.0,3.0099288376445372,MAJOR_OCEAN,minecraft:deep_frozen_ocean
-987654321,8192,2000000,85.71428571428571,-7.565656255782432,1192.2476101305951,430.0,2.772668860768826,COASTAL_WATER,minecraft:frozen_ocean
0,-8192,-2000000,-85.71428571428571,-7.554586114402841,1253.4111057749233,430.0,2.914909548313775,COASTAL_WATER,minecraft:frozen_ocean
0,0,-2000000,-85.71428571428571,-5.732651314492726,1259.7552557702538,430.0,2.9296633855122183,MAJOR_OCEAN,minecraft:deep_frozen_ocean
0,8192,-2000000,-85.71428571428571,-7.2207586949710025,1046.6260971848358,430.0,2.434014179499618,COASTAL_WATER,minecraft:frozen_ocean
0,-8192,-500000,-75.0,-8.433954941507206,676.8674317058216,502.99374284051225,1.3456776378238977,LAND,minecraft:ice_spikes
0,0,-500000,-75.0,-1.9138866850587,1090.3113378016308,485.5500396689434,2.245517966685832,MAJOR_OCEAN,minecraft:deep_frozen_ocean
0,8192,-500000,-75.0,-8.678188172746976,646.1886068266674,503.712673050769,1.2828515965520253,LAND,minecraft:ice_spikes
0,-8192,-150000,-54.0,4.169437335628056,827.8670556644231,611.69603527487,1.353396144365093,LAND,minecraft:old_growth_pine_taiga
0,0,-150000,-54.0,5.287777529971205,1278.3580076108858,615.1799955394818,2.078022719984304,MAJOR_OCEAN,minecraft:deep_cold_ocean
0,8192,-150000,-54.0,4.147108936854532,884.3422730170481,607.0165358054218,1.4568668575785269,LAND,minecraft:old_growth_pine_taiga
0,-8192,-60000,-33.75,10.041691458535508,753.3791908498989,753.186521647252,1.0002558054308055,LAND,minecraft:old_growth_pine_taiga
0,0,-60000,-33.75,12.45637108035989,1261.8245291525163,744.214679446478,1.6955114753864022,MAJOR_OCEAN,minecraft:deep_ocean
0,8192,-60000,-33.75,10.768621349480512,792.39517885503,750.3369841756596,1.0560524078732128,LAND,minecraft:old_growth_pine_taiga
0,-8192,0,0.0,22.58718050305724,1417.8299889977793,926.5692490550304,1.5301932267272689,MAJOR_OCEAN,minecraft:deep_lukewarm_ocean
0,0,0,0.0,22.4173431390131,1435.3385070344077,923.5121765022358,1.5542171977316996,MAJOR_OCEAN,minecraft:deep_lukewarm_ocean
0,8192,0,0.0,22.54635109827527,1281.4265910741747,925.8343197689549,1.38407765159749,MAJOR_OCEAN,minecraft:deep_lukewarm_ocean
0,-8192,60000,33.75,9.838275955256698,780.6050113857295,751.7012497061091,1.0384511289437404,LAND,minecraft:old_growth_pine_taiga
0,0,60000,33.75,12.405718113576327,1249.3281656165773,743.3029260443739,1.6807792917823043,MAJOR_OCEAN,minecraft:deep_ocean
0,8192,60000,33.75,9.902883135356678,690.569296078394,749.4530838673004,0.9214309887350701,LAND,minecraft:plains
0,-8192,150000,54.0,4.22260583951846,916.2514447371036,605.8221653517985,1.5124099069650911,LAND,minecraft:old_growth_pine_taiga
0,0,150000,54.0,5.46389420395184,1181.362985464277,618.3500956711331,1.9105082925265366,MAJOR_OCEAN,minecraft:deep_cold_ocean
0,8192,150000,54.0,4.2108566492108,966.9360050380664,608.8190219333038,1.5882158247414193,LAND,minecraft:old_growth_pine_taiga
0,-8192,500000,75.0,-8.338586670885814,612.82340655143,503.26601825782467,1.2176927992731645,LAND,minecraft:ice_spikes
0,0,500000,75.0,-2.1196569969081795,1106.1378378808447,481.8461740556528,2.295624407620775,MAJOR_OCEAN,minecraft:deep_frozen_ocean
0,8192,500000,75.0,-8.27377574280157,696.0164440798088,502.3806718822394,1.3854363494361475,LAND,minecraft:ice_spikes
0,-8192,2000000,85.71428571428571,-7.448553675636415,1322.701630951694,430.0,3.076050304538823,COASTAL_WATER,minecraft:frozen_ocean
0,0,2000000,85.71428571428571,-5.8739333033536685,1042.0017581706243,430.0,2.423259902722382,MAJOR_OCEAN,minecraft:deep_frozen_ocean
0,8192,2000000,85.71428571428571,-7.316569736865293,1226.361899894162,430.0,2.8520044183585163,COASTAL_WATER,minecraft:frozen_ocean
9223372036854775807,-8192,-2000000,-85.71428571428571,-7.307927558621558,988.0758434595132,430.0,2.297850798743054,COASTAL_WATER,minecraft:frozen_ocean
9223372036854775807,0,-2000000,-85.71428571428571,-5.773812586768953,1246.712342795167,430.0,2.899331029756202,MAJOR_OCEAN,minecraft:deep_frozen_ocean
9223372036854775807,8192,-2000000,-85.71428571428571,-7.5325990855887515,1111.0756092669785,430.0,2.583896765737159,COASTAL_WATER,minecraft:frozen_ocean
9223372036854775807,-8192,-500000,-75.0,-7.849337882833183,610.671634294528,498.4683464321715,1.2250961142577272,LAND,minecraft:ice_spikes
9223372036854775807,0,-500000,-75.0,-2.1322520770133475,1043.5554509369415,481.61946261375977,2.1667634552672403,MAJOR_OCEAN,minecraft:deep_frozen_ocean
9223372036854775807,8192,-500000,-75.0,-8.217676915128475,674.4900653729062,501.22662284569475,1.3456788499052883,LAND,minecraft:ice_spikes
9223372036854775807,-8192,-150000,-54.0,4.516853405074305,820.4220267305237,611.1186215318038,1.342492272079828,LAND,minecraft:old_growth_pine_taiga
9223372036854775807,0,-150000,-54.0,5.406330212043935,1301.1705960709949,617.3139438167908,2.1077939500701803,MAJOR_OCEAN,minecraft:deep_cold_ocean
9223372036854775807,8192,-150000,-54.0,4.2456712819565725,850.1549842664127,608.7906580172586,1.3964652267090336,LAND,minecraft:old_growth_pine_taiga
9223372036854775807,-8192,-60000,-33.75,9.94340714027389,742.095282894535,750.6563377396092,0.9885952407051496,LAND,minecraft:plains
9223372036854775807,0,-60000,-33.75,12.466573202775495,1087.7726393943965,744.3983176499589,1.46127767030487,MAJOR_OCEAN,minecraft:deep_ocean
9223372036854775807,8192,-60000,-33.75,9.921516226310636,797.6796625957749,752.4026442611948,1.0601765805581913,LAND,minecraft:old_growth_pine_taiga
9223372036854775807,-8192,0,0.0,22.525903515232013,1294.5464383165993,925.4662632741763,1.398804569857216,MAJOR_OCEAN,minecraft:deep_lukewarm_ocean
9223372036854775807,0,0,0.0,22.389088805627395,1477.4455746494277,923.0035985012931,1.600693190198172,MAJOR_OCEAN,minecraft:deep_lukewarm_ocean
9223372036854775807,8192,0,0.0,22.578508272670526,1404.4058872549729,926.4131489080694,1.5159606584927003,MAJOR_OCEAN,minecraft:deep_lukewarm_ocean
9223372036854775807,-8192,60000,33.75,10.27002396193266,804.6141714993876,754.0692655831342,1.0670295266273266,LAND,minecraft:forest
9223372036854775807,0,60000,33.75,12.416010025316224,1171.436812401977,743.488180455692,1.575595743410461,MAJOR_OCEAN,minecraft:deep_ocean
9223372036854775807,8192,60000,33.75,9.702443977910447,745.3529227008366,750.0282951996904,0.9937664051759421,LAND,minecraft:plains
9223372036854775807,-8192,150000,54.0,4.4788894000465875,1020.1608216530573,609.5041630307861,1.6737552973883936,LAND,minecraft:old_growth_spruce_taiga
9223372036854775807,0,150000,54.0,5.531895133647838,1331.6402953284378,619.574112405661,2.14928330391015,MAJOR_OCEAN,minecraft:deep_cold_ocean
9223372036854775807,8192,150000,54.0,4.633829401897817,922.1447407364608,611.2373318221678,1.508652519615323,LAND,minecraft:old_growth_spruce_taiga
9223372036854775807,-8192,500000,75.0,-8.065317958535886,688.9188765233006,501.0285323070575,1.3750092701329306,LAND,minecraft:ice_spikes
9223372036854775807,0,500000,75.0,-1.9387845566578927,1306.1399094351082,485.10187798015795,2.6925063965399305,MAJOR_OCEAN,minecraft:deep_frozen_ocean
9223372036854775807,8192,500000,75.0,-5.24186606550042,748.5316580590861,445.32170843048243,1.6808784388644658,LAND,minecraft:snowy_taiga
9223372036854775807,-8192,2000000,85.71428571428571,-7.411683640757961,1375.4933098290464,430.0,3.198821650765224,COASTAL_WATER,minecraft:frozen_ocean
9223372036854775807,0,2000000,85.71428571428571,-5.928384997500111,1169.034844629515,430.0,2.7186856851849184,MAJOR_OCEAN,minecraft:deep_frozen_ocean
9223372036854775807,8192,2000000,85.71428571428571,-7.46733056004603,997.8301366875637,430.0,2.3205352015989855,COASTAL_WATER,minecraft:frozen_ocean
-9223372036854775807,-8192,-2000000,-85.71428571428571,-7.3632899567800925,1063.5555325506941,430.0,2.473384959420219,COASTAL_WATER,minecraft:frozen_ocean
-9223372036854775807,0,-2000000,-85.71428571428571,-6.085286730650324,1216.1767098132495,430.0,2.8283179297982546,MAJOR_OCEAN,minecraft:deep_frozen_ocean
-9223372036854775807,8192,-2000000,-85.71428571428571,-7.439201299680255,1211.0687642404903,430.0,2.8164389866057915,COASTAL_WATER,minecraft:frozen_ocean
-9223372036854775807,-8192,-500000,-75.0,-8.324556370810935,658.0778232530683,503.4457391103382,1.307147468197839,LAND,minecraft:ice_spikes
-9223372036854775807,0,-500000,-75.0,-1.9643695750674723,1068.2366474441792,484.6413476487855,2.2041797560746286,MAJOR_OCEAN,minecraft:deep_frozen_ocean
-9223372036854775807,8192,-500000,-75.0,-8.372211118315935,585.135534300383,503.02795604945123,1.1632266701353275,LAND,minecraft:ice_spikes
-9223372036854775807,-8192,-150000,-54.0,4.7446174178876,870.9549460294621,607.9360000048233,1.4326424920099352,LAND,minecraft:old_growth_pine_taiga
-9223372036854775807,0,-150000,-54.0,5.291391792580983,1126.0164685102861,615.2450522664577,1.8301918306571239,MAJOR_OCEAN,minecraft:deep_cold_ocean
-9223372036854775807,8192,-150000,-54.0,3.718861069884199,793.1717579761663,605.9014763505897,1.3090771172130586,LAND,minecraft:old_growth_pine_taiga
-9223372036854775807,-8192,-60000,-33.75,10.086934962083804,780.19927344081,748.1327025347069,1.0428621430362022,LAND,minecraft:forest
-9223372036854775807,0,-60000,-33.75,12.145112286296108,1244.973112232977,738.6120211533299,1.685557608836332,MAJOR_OCEAN,minecraft:deep_ocean
-9223372036854775807,8192,-60000,-33.75,10.037263560404574,717.8213420171936,754.7379099766918,0.9510869038489954,LAND,minecraft:plains
-9223372036854775807,-8192,0,0.0,22.47547012768619,1401.7033332851477,924.5584622983514,1.5160786369319104,MAJOR_OCEAN,minecraft:deep_lukewarm_ocean
-9223372036854775807,0,0,0.0,22.383350039251873,1393.9182286884406,922.9003007065337,1.5103670760767067,MAJOR_OCEAN,minecraft:deep_lukewarm_ocean
-9223372036854775807,8192,0,0.0,22.603141000217086,1419.4840111622182,926.8565380039075,1.5315034775708016,MAJOR_OCEAN,minecraft:deep_lukewarm_ocean
-9223372036854775807,-8192,60000,33.75,10.182727461805344,729.9000565663753,752.1598432111202,0.9704055104168903,LAND,minecraft:plains
-9223372036854775807,0,60000,33.75,12.365420166882087,1281.9050389888696,742.5775630038776,1.7262911012329842,MAJOR_OCEAN,minecraft:deep_ocean
-9223372036854775807,8192,60000,33.75,9.843755816147475,701.4435188916925,750.0219305398257,0.935230678370739,LAND,minecraft:plains
-9223372036854775807,-8192,150000,54.0,4.208238838069958,955.7720342795021,611.7490794914877,1.562359578986177,LAND,minecraft:old_growth_spruce_taiga
-9223372036854775807,0,150000,54.0,5.6278994277565335,1311.206007362003,621.3021896996177,2.1104158799052914,MAJOR_OCEAN,minecraft:deep_cold_ocean
-9223372036854775807,8192,150000,54.0,4.605552333775548,774.8052663880554,610.3393420642724,1.2694663656573917,LAND,minecraft:old_growth_pine_taiga
-9223372036854775807,-8192,500000,75.0,-8.563553038435545,591.7245348681764,502.89078876975464,1.1766461985031382,LAND,minecraft:ice_spikes
-9223372036854775807,0,500000,75.0,-2.0748236480229343,1019.0522433119082,482.6531743355872,2.111355104448903,MAJOR_OCEAN,minecraft:deep_frozen_ocean
-9223372036854775807,8192,500000,75.0,-8.199423366600403,666.983167696006,500.58921780893695,1.332396192261931,LAND,minecraft:ice_spikes
-9223372036854775807,-8192,2000000,85.71428571428571,-7.567996889401225,1204.0224134591463,430.0,2.800052124323596,COASTAL_WATER,minecraft:frozen_ocean
-9223372036854775807,0,2000000,85.71428571428571,-6.090736898634915,1195.17283570982,430.0,2.7794717109530698,MAJOR_OCEAN,minecraft:deep_frozen_ocean
-9223372036854775807,8192,2000000,85.71428571428571,-7.375183098340316,1069.3132243201474,430.0,2.4867749402794126,COASTAL_WATER,minecraft:frozen_ocean
-1,-8192,-2000000,-85.71428571428571,-7.50696804063624,1220.2070884733014,430.0,2.8376909034262825,COASTAL_WATER,minecraft:frozen_ocean
-1,0,-2000000,-85.71428571428571,-5.899655189637736,1125.5238239117482,430.0,2.617497264911042,MAJOR_OCEAN,minecraft:deep_frozen_ocean
-1,8192,-2000000,-85.71428571428571,-7.5115415935520495,1185.1381016216694,430.0,2.756135120050394,COASTAL_WATER,minecraft:frozen_ocean
-1,-8192,-500000,-75.0,-8.478926503914003,598.6328904142067,502.345471419208,1.191675698246012,LAND,minecraft:ice_spikes
-1,0,-500000,-75.0,-1.86455108356345,1077.3854433851197,486.4380804958579,2.214846013467677,MAJOR_OCEAN,minecraft:deep_frozen_ocean
-1,8192,-500000,-75.0,-8.59862264663263,661.5263169314263,502.9709036065311,1.3152377447442396,LAND,minecraft:ice_spikes
-1,-8192,-150000,-54.0,4.462194742304423,984.192513501299,605.3318157110477,1.6258727659064571,LAND,minecraft:old_growth_spruce_taiga
-1,0,-150000,-54.0,5.310372512853851,1125.6179113647454,615.5867052313694,1.8285286244797634,MAJOR_OCEAN,minecraft:deep_cold_ocean
-1,8192,-150000,-54.0,4.38378258727731,931.1177355903687,611.2766615130319,1.5232345584496327,LAND,minecraft:old_growth_spruce_taiga
-1,-8192,-60000,-33.75,10.237724743750807,760.3928910032238,752.8696588966649,1.0099927417948869,LAND,minecraft:old_growth_pine_taiga
-1,0,-60000,-33.75,12.207779519320571,1095.2900768060226,739.7400313477702,1.4806418882191053,MAJOR_OCEAN,minecraft:deep_ocean
-1,8192,-60000,-33.75,9.852691988801006,725.8033081217609,751.5405732387068,0.96575399115708,LAND,minecraft:plains
-1,-8192,0,0.0,22.63859855001757,1333.7743198929718,927.4947739003162,1.438039714535708,MAJOR_OCEAN,minecraft:deep_lukewarm_ocean
-1,0,0,0.0,22.596265767877533,1459.8633200549718,926.7327838217956,1.5752796766664225,MAJOR_OCEAN,minecraft:deep_lukewarm_ocean
-1,8192,0,0.0,22.54556503464817,1348.1630417402594,925.8201706236671,1.4561824040105826,MAJOR_OCEAN,minecraft:deep_lukewarm_ocean
-1,-8192,60000,33.75,9.959794778036958,744.778713347445,749.618392192073,0.9935438098970923,LAND,minecraft:plains
-1,0,60000,33.75,12.19407860672624,1156.4005442556304,739.4934149210724,1.5637739578506664,MAJOR_OCEAN,minecraft:deep_ocean
-1,8192,60000,33.75,10.05994058863609,767.919371471874,749.6695441045999,1.0243438292388836,LAND,minecraft:old_growth_pine_taiga
-1,-8192,150000,54.0,4.750356756683265,809.9685698524519,610.5187319698668,1.326689137348908,LAND,minecraft:old_growth_pine_taiga
-1,0,150000,54.0,5.5266049222160305,1209.709419821992,619.4788885998886,1.9527855461807735,MAJOR_OCEAN,minecraft:deep_cold_ocean
-1,8192,150000,54.0,3.7966331997260596,788.936918143887,607.1670902961009,1.2993736497792416,LAND,minecraft:old_growth_pine_taiga
-1,-8192,500000,75.0,-8.57308220977797,704.9669385836086,503.1075857540193,1.4012250233258914,LAND,minecraft:ice_spikes
-1,0,500000,75.0,-1.8357772023806544,1083.1345111286441,486.9560103571482,2.2242964212193224,MAJOR_OCEAN,minecraft:deep_frozen_ocean
-1,8192,500000,75.0,-8.271997672775774,661.8094394829425,501.2142890206127,1.3204121550008827,LAND,minecraft:ice_spikes
-1,-8192,2000000,85.71428571428571,-7.451222574456525,1029.5890795949133,430.0,2.3943932083602637,COASTAL_WATER,minecraft:frozen_ocean
-1,0,2000000,85.71428571428571,-5.83222735066889,1243.5841658450822,430.0,2.8920561996397263,MAJOR_OCEAN,minecraft:deep_frozen_ocean
-1,8192,2000000,85.71428571428571,-7.461556068227564,1013.5982615883714,430.0,2.3572052595078405,COASTAL_WATER,minecraft:frozen_ocean
1,-8192,-2000000,-85.71428571428571,-7.544311960003578,1098.5650820938308,430.0,2.554802516497281,COASTAL_WATER,minecraft:frozen_ocean
1,0,-2000000,-85.71428571428571,-5.910764353663946,1095.5772085133272,430.0,2.5478539732868075,MAJOR_OCEAN,minecraft:deep_frozen_ocean
1,8192,-2000000,-85.71428571428571,-7.39608995477363,1144.8153774081677,430.0,2.6623613428096924,COASTAL_WATER,minecraft:frozen_ocean
1,-8192,-500000,-75.0,-8.169538658207795,586.0484253207276,502.32197576244005,1.1666788506141004,LAND,minecraft:ice_spikes
1,0,-500000,-75.0,-1.9810194270837427,1168.539315144605,484.3416503124926,2.41263437573596,MAJOR_OCEAN,minecraft:deep_frozen_ocean
1,8192,-500000,-75.0,-8.56429911935817,708.6402626890687,502.47427219453505,1.410301585380904,LAND,minecraft:ice_spikes
1,-8192,-150000,-54.0,4.025386413346841,800.3734359661129,611.284648141275,1.309330176047767,LAND,minecraft:old_growth_pine_taiga
1,0,-150000,-54.0,5.399222437978106,1276.0809122763392,617.186003883606,2.0675791483388744,MAJOR_OCEAN,minecraft:deep_cold_ocean
1,8192,-150000,-54.0,4.651095484947057,896.6763194749047,611.1591187853595,1.467173264561597,LAND,minecraft:old_growth_pine_taiga
1,-8192,-60000,-33.75,9.8951047736765,757.5631651629554,755.3268502883235,1.00296072471643,LAND,minecraft:old_growth_pine_taiga
1,0,-60000,-33.75,12.357038893093836,1320.893804667447,742.426700075689,1.7791571942829971,MAJOR_OCEAN,minecraft:deep_ocean
1,8192,-60000,-33.75,10.086962325633634,723.7572136379248,748.6382413225257,0.9667649522676711,LAND,minecraft:plains
1,-8192,0,0.0,22.35003314191603,1422.5430099620269,922.3005965544885,1.5423854384094877,MAJOR_OCEAN,minecraft:deep_lukewarm_ocean
1,0,0,0.0,22.555369529535803,1309.702575203393,925.9966515316444,1.4143707464136939,MAJOR_OCEAN,minecraft:deep_lukewarm_ocean
1,8192,0,0.0,22.433154729085523,1429.734355936525,923.7967851235394,1.5476719327891215,MAJOR_OCEAN,minecraft:deep_lukewarm_ocean
1,-8192,60000,33.75,12.239823874378157,827.6785984952539,749.2009835687544,1.1047484141740955,LAND,minecraft:forest
1,0,60000,33.75,12.428682896970326,1279.35072730175,743.7162921454659,1.720213394291916,MAJOR_OCEAN,minecraft:deep_ocean
1,8192,60000,33.75,10.229362976435487,758.0019807757118,749.0782445300206,1.0119129561041917,LAND,minecraft:old_growth_pine_taiga
1,-8192,150000,54.0,4.537540549451837,851.3099802469386,606.6880402397012,1.4032087725193787,LAND,minecraft:old_growth_pine_taiga
1,0,150000,54.0,5.614370182308995,1365.543913271043,621.0586632815618,2.1987357942255494,MAJOR_OCEAN,minecraft:deep_cold_ocean
1,8192,150000,54.0,5.345083855853148,989.3333225870635,616.2115094053567,1.6055093218589327,COASTAL_WATER,minecraft:cold_ocean
1,-8192,500000,75.0,-8.490500016155238,688.3172731341131,504.05285368298655,1.365565670553699,LAND,minecraft:ice_spikes
1,0,500000,75.0,-2.057780961379612,1160.9577722429249,482.959942695167,2.4038386408698376,MAJOR_OCEAN,minecraft:deep_frozen_ocean
1,8192,500000,75.0,-8.575276689255123,572.0813916589757,504.17233712763766,1.1346941304202218,LAND,minecraft:ice_spikes
1,-8192,2000000,85.71428571428571,-7.194667302647122,1158.0208010897343,430.0,2.6930716304412425,COASTAL_WATER,minecraft:frozen_ocean
1,0,2000000,85.71428571428571,-5.856497121671572,1152.0158837461845,430.0,2.6791067063864755,MAJOR_OCEAN,minecraft:deep_frozen_ocean
1,8192,2000000,85.71428571428571,-7.409873357036848,1195.6847545185208,430.0,2.7806622198105133,COASTAL_WATER,minecraft:frozen_ocean
12345,-8192,-2000000,-85.71428571428571,-7.365716782357583,1080.9030975768283,430.0,2.5137281338996007,COASTAL_WATER,minecraft:frozen_ocean
12345,0,-2000000,-85.71428571428571,-5.896820547607107,1093.1974824338126,430.0,2.5423197265902617,MAJOR_OCEAN,minecraft:deep_frozen_ocean
12345,8192,-2000000,-85.71428571428571,-7.2201270864278815,1258.5644453858763,430.0,2.9268940590369215,COASTAL_WATER,minecraft:frozen_ocean
12345,-8192,-500000,-75.0,-5.518243171754136,678.729120506133,448.41731673976363,1.5136104141580897,LAND,minecraft:snowy_taiga
12345,0,-500000,-75.0,-2.0081492108264216,1174.0474144645837,483.85331420512443,2.4264531832200262,MAJOR_OCEAN,minecraft:deep_frozen_ocean
12345,8192,-500000,-75.0,-5.05056137517136,694.2256683187219,439.8152602404663,1.5784483420133224,LAND,minecraft:snowy_taiga
12345,-8192,-150000,-54.0,4.425369761002158,818.7804184470966,611.7976279214458,1.3383190471477722,LAND,minecraft:old_growth_pine_taiga
12345,0,-150000,-54.0,5.546880077224999,1346.6028246719986,619.84384139005,2.172487221381651,MAJOR_OCEAN,minecraft:deep_cold_ocean
12345,8192,-150000,-54.0,3.7759080959316385,777.3172917519629,605.2282765097322,1.2843373680995942,LAND,minecraft:old_growth_pine_taiga
12345,-8192,-60000,-33.75,10.927545842644182,751.4938109422295,754.6184370415808,0.9958593297672382,LAND,minecraft:old_growth_pine_taiga
12345,0,-60000,-33.75,12.45381161673574,1186.6153915270518,744.1686091012433,1.5945517951370805,MAJOR_OCEAN,minecraft:deep_ocean
12345,8192,-60000,-33.75,10.905321621237698,772.4562798930287,753.6204712224339,1.024993759312352,LAND,minecraft:forest
12345,-8192,0,0.0,22.51620319121465,1226.4517790121274,925.2916574418637,1.3254758855201132,MAJOR_OCEAN,minecraft:deep_lukewarm_ocean
12345,0,0,0.0,22.3977023998126,1467.5199632351114,923.1586431966268,1.5896725595868566,MAJOR_OCEAN,minecraft:deep_lukewarm_ocean
12345,8192,0,0.0,22.589844668292976,1295.8026046006637,926.6172040292736,1.398422777999411,MAJOR_OCEAN,minecraft:deep_lukewarm_ocean
12345,-8192,60000,33.75,10.061771058795145,767.0116060899504,750.2595886692436,1.0223282949977626,LAND,minecraft:old_growth_pine_taiga
12345,0,60000,33.75,12.496490671933298,1254.2802129664478,744.9368320947993,1.6837403641854432,MAJOR_OCEAN,minecraft:deep_ocean
12345,8192,60000,33.75,9.728851707967346,670.7661277647466,753.20111487894,0.8905538169212044,LAND,minecraft:plains
12345,-8192,150000,54.0,4.513337972388612,956.0932871400187,608.2667318124751,1.5718322853053492,LAND,minecraft:old_growth_spruce_taiga
12345,0,150000,54.0,5.4066223172389805,1269.3676060336613,617.3192017103016,2.0562580955149943,MAJOR_OCEAN,minecraft:deep_cold_ocean
12345,8192,150000,54.0,4.287700085059891,769.7353075303423,606.9938617715443,1.2681105296251733,LAND,minecraft:old_growth_pine_taiga
12345,-8192,500000,75.0,-8.720406455078198,593.165138905741,503.26601825782467,1.1786314143742975,LAND,minecraft:ice_spikes
12345,0,500000,75.0,-1.97670209878402,1248.476394375147,484.41936222188764,2.577263610291622,MAJOR_OCEAN,minecraft:deep_frozen_ocean
12345,8192,500000,75.0,-8.24367452501665,702.6460493787084,502.0619111586795,1.3995207239623346,LAND,minecraft:ice_spikes
12345,-8192,2000000,85.71428571428571,-7.427537991141623,1203.3870343117103,430.0,2.798574498399326,COASTAL_WATER,minecraft:frozen_ocean
12345,0,2000000,85.71428571428571,-5.794786723956472,1129.0873934749695,430.0,2.625784635988301,MAJOR_OCEAN,minecraft:deep_frozen_ocean
12345,8192,2000000,85.71428571428571,-7.175162502016041,1213.3493601467044,430.0,2.8217426980155915,COASTAL_WATER,minecraft:frozen_ocean
67890,-8192,-2000000,-85.71428571428571,-7.469857273618805,1152.6064321549788,430.0,2.6804800747790205,COASTAL_WATER,minecraft:frozen_ocean
67890,0,-2000000,-85.71428571428571,-5.733217310867795,1229.8997687142014,430.0,2.8602320202655847,MAJOR_OCEAN,minecraft:deep_frozen_ocean
67890,8192,-2000000,-85.71428571428571,-7.5683844625560805,1134.9605036992039,430.0,2.6394430318586135,COASTAL_WATER,minecraft:frozen_ocean
67890,-8192,-500000,-75.0,-5.347749250950066,730.4630627491739,448.8276927010319,1.62749107202648,LAND,minecraft:snowy_taiga
67890,0,-500000,-75.0,-2.163101888693634,1068.4377618472406,481.0641660035146,2.22098804557277,MAJOR_OCEAN,minecraft:deep_frozen_ocean
67890,8192,-500000,-75.0,-8.520469125225597,709.2675888224683,503.6129395199868,1.4083585491240533,LAND,minecraft:ice_spikes
67890,-8192,-150000,-54.0,3.9247775970853467,876.9666547022731,607.4487373811608,1.4436883324230136,LAND,minecraft:old_growth_pine_taiga
67890,0,-150000,-54.0,5.547312106740934,1153.2093740835671,619.8516179213368,1.8604603759055072,MAJOR_OCEAN,minecraft:deep_cold_ocean
67890,8192,-150000,-54.0,4.295220619983425,724.0972926785303,609.4549433831086,1.188106357229687,LAND,minecraft:old_growth_pine_taiga
67890,-8192,-60000,-33.75,9.740281283602826,750.894091398847,749.0897448293881,1.0024087188242976,LAND,minecraft:old_growth_pine_taiga
67890,0,-60000,-33.75,12.483246606858442,1133.2339389459282,744.6984389234519,1.521735349122189,MAJOR_OCEAN,minecraft:deep_ocean
67890,8192,-60000,-33.75,9.90024476084684,695.6218671598302,749.2361592369763,0.9284413980609972,LAND,minecraft:plains
67890,-8192,0,0.0,22.505847119458384,1277.8151377591416,925.1052481502509,1.381264607799096,MAJOR_OCEAN,minecraft:deep_lukewarm_ocean
67890,0,0,0.0,22.375513859371953,1209.9258152885477,922.7592494686951,1.3112042127837753,MAJOR_OCEAN,minecraft:deep_lukewarm_ocean
67890,8192,0,0.0,22.64550687268144,1339.8271170701655,927.619123708266,1.444372030315686,MAJOR_OCEAN,minecraft:deep_lukewarm_ocean
67890,-8192,60000,33.75,9.906970010414003,676.551553494005,748.4038415587816,0.9039926252715085,LAND,minecraft:plains
67890,0,60000,33.75,12.237164750361716,1231.4239639426185,740.2689655065109,1.66348181717985,MAJOR_OCEAN,minecraft:deep_ocean
67890,8192,60000,33.75,10.204764698661663,751.761626199372,750.3554924104008,1.0018739568153947,LAND,minecraft:old_growth_pine_taiga
67890,-8192,150000,54.0,4.3872984180644705,794.2225866040916,606.410771581473,1.3097105523584611,LAND,minecraft:old_growth_pine_taiga
67890,0,150000,54.0,5.308062553243462,1356.9702221574062,615.5451259583823,2.2045016115506573,MAJOR_OCEAN,minecraft:deep_cold_ocean
67890,8192,150000,54.0,4.813092866500999,940.7056388197414,610.2019900316634,1.541629909746653,LAND,minecraft:old_growth_spruce_taiga
67890,-8192,500000,75.0,-8.182843809689452,635.5254549450087,501.4840612707674,1.267289439537876,LAND,minecraft:ice_spikes
67890,0,500000,75.0,-2.190422572361943,1107.9305083577194,480.57239369748504,2.3054393529211943,MAJOR_OCEAN,minecraft:deep_frozen_ocean
67890,8192,500000,75.0,-8.505489137058673,715.1644841133975,502.0023924666647,1.4246236568700972,LAND,minecraft:ice_spikes
67890,-8192,2000000,85.71428571428571,-7.349348054349866,1233.4605605727481,430.0,2.8685129315645304,COASTAL_WATER,minecraft:frozen_ocean
67890,0,2000000,85.71428571428571,-5.737408598736676,1143.7975997374963,430.0,2.6599944179941772,MAJOR_OCEAN,minecraft:deep_frozen_ocean
67890,8192,2000000,85.71428571428571,-7.202987228912356,1294.116063974846,430.0,3.0095722418019673,COASTAL_WATER,minecraft:frozen_ocean
314159,-8192,-2000000,-85.71428571428571,-7.422362766089392,1160.7827822519967,430.0,2.6994948424465037,COASTAL_WATER,minecraft:frozen_ocean
314159,0,-2000000,-85.71428571428571,-5.819328889749397,1240.7566896098472,430.0,2.8854806735112724,MAJOR_OCEAN,minecraft:deep_frozen_ocean
314159,8192,-2000000,-85.71428571428571,-7.227164799157938,1090.7434318316944,430.0,2.536612632166731,COASTAL_WATER,minecraft:frozen_ocean
314159,-8192,-500000,-75.0,-8.37246446786021,656.6980160894735,501.47186758220437,1.3095410900230082,LAND,minecraft:ice_spikes
314159,0,-500000,-75.0,-2.2127105278085004,1303.5937133511711,480.171210499447,2.7148518795936276,MAJOR_OCEAN,minecraft:deep_frozen_ocean
314159,8192,-500000,-75.0,-8.189927048656065,625.6836301143602,501.1772569087113,1.2484278196772356,LAND,minecraft:ice_spikes
314159,-8192,-150000,-54.0,4.135509709331402,931.9402724865051,607.4627770154747,1.5341520628888914,LAND,minecraft:old_growth_pine_taiga
314159,0,-150000,-54.0,5.347978674246261,1231.605437060684,616.2636161364327,1.9985042193177645,MAJOR_OCEAN,minecraft:deep_cold_ocean
314159,8192,-150000,-54.0,4.370253438245735,901.800859104013,606.4929644764303,1.4869106682589706,LAND,minecraft:old_growth_pine_taiga
314159,-8192,-60000,-33.75,12.141161917975676,715.7141011176045,748.9250537772546,0.9556551720467243,LAND,minecraft:plains
314159,0,-60000,-33.75,12.328706586016038,1172.8797213390326,741.9167185482887,1.5808778694649324,MAJOR_OCEAN,minecraft:deep_ocean
314159,8192,-60000,-33.75,12.32236536636825,770.2317730244075,746.8148869441966,1.03135567660686,LAND,minecraft:forest
314159,-8192,0,0.0,22.690236228331717,1400.5854352195665,928.4242521099709,1.5085618800204161,MAJOR_OCEAN,minecraft:deep_lukewarm_ocean
314159,0,0,0.0,22.387156255650673,1246.4217655014647,922.9688126017121,1.3504484100475582,MAJOR_OCEAN,minecraft:deep_lukewarm_ocean
314159,8192,0,0.0,22.504666469446768,1366.3857517518184,925.0839964500418,1.477039660177073,MAJOR_OCEAN,minecraft:deep_lukewarm_ocean
314159,-8192,60000,33.75,10.218574789855428,757.8054843695567,755.0227081558038,1.0036856854551435,LAND,minecraft:forest
314159,0,60000,33.75,12.22699561555562,1160.9110446368577,740.0859210800012,1.5686165775762224,MAJOR_OCEAN,minecraft:deep_ocean
314159,8192,60000,33.75,9.70264842382512,693.9831294667192,750.7575448792135,0.924377163040528,LAND,minecraft:plains
314159,-8192,150000,54.0,4.281535493297867,912.3619626378853,609.2086111027686,1.4976182969350333,LAND,minecraft:old_growth_pine_taiga
314159,0,150000,54.0,5.443284808709882,1342.127184358806,617.9791265567778,2.1718001898167607,MAJOR_OCEAN,minecraft:deep_cold_ocean
314159,8192,150000,54.0,4.643925631051998,966.7985299988428,606.1235478417824,1.595051922073168,LAND,minecraft:old_growth_pine_taiga
314159,-8192,500000,75.0,-5.068984234226501,829.0660725081393,442.14097222340695,1.8751170431887165,LAND,minecraft:snowy_taiga
314159,0,500000,75.0,-2.0460009580644485,1119.1000848125702,483.1719827548399,2.3161526842511444,MAJOR_OCEAN,minecraft:deep_frozen_ocean
314159,8192,500000,75.0,-8.02405439741113,693.8484161176365,499.53952732496515,1.388976003226803,LAND,minecraft:ice_spikes
314159,-8192,2000000,85.71428571428571,-7.492503412615544,1005.353496820956,430.0,2.3380313879557115,COASTAL_WATER,minecraft:frozen_ocean
314159,0,2000000,85.71428571428571,-5.738542738388755,1246.827609039544,430.0,2.8995990907896374,MAJOR_OCEAN,minecraft:deep_frozen_ocean
314159,8192,2000000,85.71428571428571,-7.1737876267829765,1151.9568470826841,430.0,2.6789694118201957,COASTAL_WATER,minecraft:frozen_ocean
271828,-8192,-2000000,-85.71428571428571,-7.464211900862958,982.4202824280104,430.0,2.284698331227931,COASTAL_WATER,minecraft:frozen_ocean
271828,0,-2000000,-85.71428571428571,-5.790043132286511,1175.0929637099118,430.0,2.7327743342090973,MAJOR_OCEAN,minecraft:deep_frozen_ocean
271828,8192,-2000000,-85.71428571428571,-7.280062111902363,1186.086483396458,430.0,2.7583406590615307,COASTAL_WATER,minecraft:frozen_ocean
271828,-8192,-500000,-75.0,-8.236575737580674,702.9737734218784,500.20593118204204,1.4053687283568859,LAND,minecraft:ice_spikes
271828,0,-500000,-75.0,-1.8885440027921265,1112.9925103549967,486.00620794974174,2.2900787935410327,MAJOR_OCEAN,minecraft:deep_frozen_ocean
271828,8192,-500000,-75.0,-8.314008957951161,669.7231536556905,502.66033180916963,1.3323572823923266,LAND,minecraft:ice_spikes
271828,-8192,-150000,-54.0,4.432217455028517,975.2168292908952,609.8841675878568,1.5990197501731513,LAND,minecraft:old_growth_pine_taiga
271828,0,-150000,-54.0,5.500448731785203,1263.7054121664644,619.0080771721337,2.041500682736735,MAJOR_OCEAN,minecraft:deep_cold_ocean
271828,8192,-150000,-54.0,4.663495426045902,846.8485031076017,608.9552280183943,1.390658071634162,LAND,minecraft:old_growth_pine_taiga
271828,-8192,-60000,-33.75,9.764015556224244,740.1827136403707,750.143012271199,0.9867221336893193,LAND,minecraft:plains
271828,0,-60000,-33.75,12.327627910215542,1028.892504916279,741.8973023838797,1.386839528342023,MAJOR_OCEAN,minecraft:deep_ocean
271828,8192,-60000,-33.75,10.225223200860047,685.9933863003997,749.1488392391393,0.915697055603954,LAND,minecraft:plains
271828,-8192,0,0.0,22.604595755132397,1221.1652201986606,926.8827235923832,1.3174970135010247,MAJOR_OCEAN,minecraft:deep_lukewarm_ocean
271828,0,0,0.0,22.382252839233757,1255.915346996266,922.8805511062076,1.360864464519127,MAJOR_OCEAN,minecraft:deep_lukewarm_ocean
271828,8192,0,0.0,22.44693492825142,1241.5917557376667,924.0448287085255,1.3436488330040814,MAJOR_OCEAN,minecraft:deep_lukewarm_ocean
271828,-8192,60000,33.75,9.9204688930103,765.8443461822905,746.9389224944956,1.0253105349292253,LAND,minecraft:old_growth_pine_taiga
271828,0,60000,33.75,12.173981579668895,1285.225876386784,739.1316684340401,1.7388321070178543,MAJOR_OCEAN,minecraft:deep_ocean
271828,8192,60000,33.75,9.757393689305895,692.6391291784339,749.4484385951095,0.9241985085416038,LAND,minecraft:plains
271828,-8192,150000,54.0,4.357658900173608,880.6954026574122,605.8772602594374,1.4535871544020273,LAND,minecraft:old_growth_pine_taiga
271828,0,150000,54.0,5.500751536089884,1136.602888981318,619.0135276496179,1.8361519388711531,MAJOR_OCEAN,minecraft:deep_cold_ocean
271828,8192,150000,54.0,4.75586084184987,865.7031615789762,610.6178055028657,1.4177496197740884,LAND,minecraft:old_growth_pine_taiga
271828,-8192,500000,75.0,-8.181015026940711,626.7568731043308,502.47427219453505,1.2473412227993221,LAND,minecraft:ice_spikes
271828,0,500000,75.0,-1.9705861275882395,1251.8822475494708,484.5294497034117,2.5837072407379327,MAJOR_OCEAN,minecraft:deep_frozen_ocean
271828,8192,500000,75.0,-8.079051354986195,592.4247994184765,502.0023924666647,1.1801234581921167,LAND,minecraft:ice_spikes
271828,-8192,2000000,85.71428571428571,-7.518179670162369,1184.7906827161232,430.0,2.755327169107263,COASTAL_WATER,minecraft:frozen_ocean
271828,0,2000000,85.71428571428571,-5.956809214042294,1036.909253459523,430.0,2.4114168685105186,MAJOR_OCEAN,minecraft:deep_frozen_ocean
271828,8192,2000000,85.71428571428571,-7.391592483558117,1130.761626301682,430.0,2.629678200701586,COASTAL_WATER,minecraft:frozen_ocean
20260908,-8192,-2000000,-85.71428571428571,-7.324075016660037,1289.9212631141202,430.0,2.99981689096307,COASTAL_WATER,minecraft:frozen_ocean
20260908,0,-2000000,-85.71428571428571,-5.946376835601111,1072.6268861133867,430.0,2.494481130496248,MAJOR_OCEAN,minecraft:deep_frozen_ocean
20260908,8192,-2000000,-85.71428571428571,-7.511143578978714,1039.9154081585807,430.0,2.418407925950188,COASTAL_WATER,minecraft:frozen_ocean
20260908,-8192,-500000,-75.0,-5.425583123205188,731.2496185812872,448.8276927010319,1.629243539275949,LAND,minecraft:snowy_taiga
20260908,0,-500000,-75.0,-1.9866872224155285,1122.0345176267024,484.2396299965205,2.317105928803813,MAJOR_OCEAN,minecraft:deep_frozen_ocean
20260908,8192,-500000,-75.0,-8.29471587841424,680.3585189664658,502.227745052754,1.3546812689430388,LAND,minecraft:ice_spikes
20260908,-8192,-150000,-54.0,4.083678380432327,895.9758422312066,608.1100576646902,1.473377772556501,LAND,minecraft:old_growth_pine_taiga
20260908,0,-150000,-54.0,5.544514431646327,1199.886810162566,619.8012597696339,1.9359218640641949,MAJOR_OCEAN,minecraft:deep_cold_ocean
20260908,8192,-150000,-54.0,4.522052208198342,856.2771653345686,606.9868858777445,1.4107012610269716,LAND,minecraft:old_growth_pine_taiga
20260908,-8192,-60000,-33.75,10.257260246506346,794.8709870162886,750.4732873368689,1.059159600253021,LAND,minecraft:old_growth_pine_taiga
20260908,0,-60000,-33.75,12.383659217506086,1203.2503905719411,742.9058659151095,1.6196539101084906,MAJOR_OCEAN,minecraft:deep_ocean
20260908,8192,-60000,-33.75,9.942548015661597,777.569953375582,747.336346702219,1.0404551535687716,LAND,minecraft:old_growth_pine_taiga
20260908,-8192,0,0.0,22.534711603271056,1302.8777489766996,925.6248088588791,1.4075657183204742,MAJOR_OCEAN,minecraft:deep_lukewarm_ocean
20260908,0,0,0.0,22.318096277425028,1464.4983429350932,921.7257329936505,1.5888656359615618,MAJOR_OCEAN,minecraft:deep_lukewarm_ocean
20260908,8192,0,0.0,22.547226594735488,1279.9840828006058,925.8500787052387,1.3824960565868376,MAJOR_OCEAN,minecraft:deep_lukewarm_ocean
20260908,-8192,60000,33.75,9.656313084709696,663.6656607248001,749.3872332855401,0.885611111647965,LAND,minecraft:plains
20260908,0,60000,33.75,12.222250071976283,1159.8474384159103,740.000501295573,1.5673603414933917,MAJOR_OCEAN,minecraft:deep_ocean
20260908,8192,60000,33.75,10.180285673164208,791.9053817640222,752.3928517278868,1.0525158232768879,LAND,minecraft:old_growth_pine_taiga
20260908,-8192,150000,54.0,4.621816118858375,941.0756342384694,605.7255766222972,1.5536336429545903,LAND,minecraft:old_growth_spruce_taiga
20260908,0,150000,54.0,5.547511510476909,1123.7346060165435,619.8552071885844,1.8128985495069967,MAJOR_OCEAN,minecraft:deep_cold_ocean
20260908,8192,150000,54.0,4.024641159787846,970.9234421989136,607.0473876930896,1.5994195212479723,LAND,minecraft:old_growth_pine_taiga
20260908,-8192,500000,75.0,-8.206165327966819,629.5974736799715,502.66033180916963,1.2525306530832283,LAND,minecraft:ice_spikes
20260908,0,500000,75.0,-2.1432312799028366,986.4946362587935,481.42183696174897,2.0491273152139438,MAJOR_OCEAN,minecraft:deep_frozen_ocean
20260908,8192,500000,75.0,-8.730387152005468,591.0270642001269,504.6440197914853,1.1711761975190638,LAND,minecraft:ice_spikes
20260908,-8192,2000000,85.71428571428571,-7.206818035176688,1146.9167285057536,430.0,2.6672482058273337,COASTAL_WATER,minecraft:frozen_ocean
20260908,0,2000000,85.71428571428571,-6.019486462615459,1050.926322719202,430.0,2.4440147039981444,MAJOR_OCEAN,minecraft:deep_frozen_ocean
20260908,8192,2000000,85.71428571428571,-7.412798503948046,1058.9283190921383,430.0,2.4626239978886937,COASTAL_WATER,minecraft:frozen_ocean
-424242,-8192,-2000000,-85.71428571428571,-7.171336074210212,1212.3237188396768,430.0,2.8193574856736667,COASTAL_WATER,minecraft:frozen_ocean
-424242,0,-2000000,-85.71428571428571,-5.852291320652036,1149.5423223149096,430.0,2.67335423794165,MAJOR_OCEAN,minecraft:deep_frozen_ocean
-424242,8192,-2000000,-85.71428571428571,-7.395769116958977,1145.1264878956038,430.0,2.6630848555711717,COASTAL_WATER,minecraft:frozen_ocean
-424242,-8192,-500000,-75.0,-8.40368551671524,688.3237593711297,501.4840612707674,1.3725735522419356,LAND,minecraft:ice_spikes
-424242,0,-500000,-75.0,-2.1163773221357487,1041.647014058395,481.90520820155655,2.1615184819142415,MAJOR_OCEAN,minecraft:deep_frozen_ocean
-424242,8192,-500000,-75.0,-8.614546643624308,671.3385722582981,503.8779163625048,1.3323437095729298,LAND,minecraft:ice_spikes
-424242,-8192,-150000,-54.0,4.671863377500791,927.3468313092828,607.6598592296596,1.5260952607350036,LAND,minecraft:old_growth_pine_taiga
-424242,0,-150000,-54.0,5.323642018689152,1206.3678493403893,615.8255563364047,1.9589441148190856,MAJOR_OCEAN,minecraft:deep_cold_ocean
-424242,8192,-150000,-54.0,4.468089228588287,745.8385766735239,606.0155522447635,1.2307251421367604,LAND,minecraft:old_growth_pine_taiga
-424242,-8192,-60000,-33.75,9.997635937478337,658.8489382366893,753.4415559656715,0.874452614167605,LAND,minecraft:plains
-424242,0,-60000,-33.75,12.472672986971753,1110.215000196648,744.5081137654915,1.4912060455345801,MAJOR_OCEAN,minecraft:deep_ocean
-424242,8192,-60000,-33.75,10.179656765551119,708.8958803397704,751.6043042002303,0.9431769833916728,LAND,minecraft:plains
-424242,-8192,0,0.0,22.559738875467627,1218.284870374713,926.0752997584173,1.3155354329097466,MAJOR_OCEAN,minecraft:deep_lukewarm_ocean
-424242,0,0,0.0,22.52574253669124,1331.6918871074045,925.4633656604424,1.4389460853018892,MAJOR_OCEAN,minecraft:deep_lukewarm_ocean
-424242,8192,0,0.0,22.38529930161423,1462.0609507961547,922.9353874290562,1.58414226034706,MAJOR_OCEAN,minecraft:deep_lukewarm_ocean
-424242,-8192,60000,33.75,10.185994284765515,664.144811525573,752.4956067367102,0.8825896198992027,LAND,minecraft:plains
-424242,0,60000,33.75,12.478756695305435,1166.0984217695245,744.6176205154978,1.5660365664758726,MAJOR_OCEAN,minecraft:deep_ocean
-424242,8192,60000,33.75,11.986425547583085,800.6279510077076,745.8599132538391,1.073429389059054,LAND,minecraft:old_growth_pine_taiga
-424242,-8192,150000,54.0,4.405374980324893,916.6569687153869,609.1120098863144,1.5049070677271217,LAND,minecraft:old_growth_pine_taiga
-424242,0,150000,54.0,5.394244729181737,1327.4651806606153,617.0964051252713,2.1511471621539235,MAJOR_OCEAN,minecraft:deep_cold_ocean
-424242,8192,150000,54.0,4.377235092059941,854.0920526330361,605.816879966559,1.4098188427502745,LAND,minecraft:old_growth_pine_taiga
-424242,-8192,500000,75.0,-3.7374477365986207,827.9350180427176,452.7259407412248,1.8287775087223461,INLAND_SEA,minecraft:frozen_ocean
-424242,0,500000,75.0,-1.8614538387195219,1235.9842281709261,486.4938309030486,2.540595891784783,MAJOR_OCEAN,minecraft:deep_frozen_ocean
-424242,8192,500000,75.0,-8.448330032552402,696.7883735173995,503.26601825782467,1.38453292739593,LAND,minecraft:ice_spikes
-424242,-8192,2000000,85.71428571428571,-7.314761772565381,1157.0680042193335,430.0,2.690855823765892,COASTAL_WATER,minecraft:frozen_ocean
-424242,0,2000000,85.71428571428571,-5.979956228584039,1253.9783730670813,430.0,2.916228774574608,MAJOR_OCEAN,minecraft:deep_frozen_ocean
-424242,8192,2000000,85.71428571428571,-7.544575394960049,1202.138592029656,430.0,2.7956711442550137,COASTAL_WATER,minecraft:frozen_ocean
987654321012345,-8192,-2000000,-85.71428571428571,-7.444098917712002,1036.5998062728465,430.0,2.410697223890341,COASTAL_WATER,minecraft:frozen_ocean
987654321012345,0,-2000000,-85.71428571428571,-5.872620343147013,1138.5453393416462,430.0,2.647779858934061,MAJOR_OCEAN,minecraft:deep_frozen_ocean
987654321012345,8192,-2000000,-85.71428571428571,-7.428090234106381,1050.0698889362934,430.0,2.442022997526264,COASTAL_WATER,minecraft:frozen_ocean
987654321012345,-8192,-500000,-75.0,-4.891105377448027,805.1981644783612,442.3442424596279,1.8202976035160001,LAND,minecraft:snowy_taiga
987654321012345,0,-500000,-75.0,-2.126865600281318,1125.1437800389338,481.7164191949363,2.3356973837830126,MAJOR_OCEAN,minecraft:deep_frozen_ocean
987654321012345,8192,-500000,-75.0,-8.391862578364153,603.22356290346,502.227745052754,1.2010956559958617,LAND,minecraft:ice_spikes
987654321012345,-8192,-150000,-54.0,4.707225261389393,948.4697206850196,609.7423650545771,1.5555253743933695,LAND,minecraft:old_growth_pine_taiga
987654321012345,0,-150000,-54.0,5.299921118182671,1242.4774834903071,615.3985801272881,2.018980094548341,MAJOR_OCEAN,minecraft:deep_cold_ocean
987654321012345,8192,-150000,-54.0,4.061305221178685,787.2302465505693,607.7073407981247,1.2954101319833826,LAND,minecraft:old_growth_pine_taiga
987654321012345,-8192,-60000,-33.75,9.814301561362877,750.094706596616,752.395475731867,0.996942074734018,LAND,minecraft:old_growth_pine_taiga
987654321012345,0,-60000,-33.75,12.134600381785827,1230.390970178232,738.4228068721449,1.66624183154634,MAJOR_OCEAN,minecraft:deep_ocean
987654321012345,8192,-60000,-33.75,10.010823438542179,774.2985394418384,748.5653043140694,1.0343767403851947,LAND,minecraft:old_growth_pine_taiga
987654321012345,-8192,0,0.0,22.49331977220024,1321.9322494054002,924.8797558996043,1.429301745414023,MAJOR_OCEAN,minecraft:deep_lukewarm_ocean
987654321012345,0,0,0.0,22.45689574429506,1273.787672391895,924.2241233973111,1.378223788089019,MAJOR_OCEAN,minecraft:deep_lukewarm_ocean
987654321012345,8192,0,0.0,22.490177870840135,1417.5314086280887,924.8232016751224,1.5327593490956208,MAJOR_OCEAN,minecraft:deep_lukewarm_ocean
987654321012345,-8192,60000,33.75,10.225009231695317,692.8866002896697,753.1978757814467,0.9199263866361761,LAND,minecraft:plains
987654321012345,0,60000,33.75,12.146189093346974,1277.6215274351855,738.6314036802455,1.7297146060530477,MAJOR_OCEAN,minecraft:deep_ocean
987654321012345,8192,60000,33.75,10.218987369322218,755.3015466790822,753.5742454203407,1.0022921447611017,LAND,minecraft:old_growth_pine_taiga
987654321012345,-8192,150000,54.0,4.349863182935001,965.3928824571693,610.438509516237,1.5814744112756387,LAND,minecraft:old_growth_pine_taiga
987654321012345,0,150000,54.0,5.279274109133505,1278.9894905454912,615.026933964403,2.079566633450101,MAJOR_OCEAN,minecraft:deep_cold_ocean
987654321012345,8192,150000,54.0,4.551389767147985,823.9094241330102,609.3644158649762,1.3520799749415844,LAND,minecraft:old_growth_pine_taiga
987654321012345,-8192,500000,75.0,-5.578876764616752,671.2037629643394,450.96317578099814,1.488378206938779,LAND,minecraft:snowy_taiga
987654321012345,0,500000,75.0,-2.172363714146992,1048.7431758095556,480.8974531453541,2.180804179664821,MAJOR_OCEAN,minecraft:deep_frozen_ocean
987654321012345,8192,500000,75.0,-8.277584365792704,694.6760435341782,502.32197576244005,1.3829298279848838,LAND,minecraft:ice_spikes
987654321012345,-8192,2000000,85.71428571428571,-7.43946092889774,980.764174420769,430.0,2.2808469172576022,COASTAL_WATER,minecraft:frozen_ocean
987654321012345,0,2000000,85.71428571428571,-5.892786997846227,1081.5067533956512,430.0,2.5151319846410494,MAJOR_OCEAN,minecraft:deep_frozen_ocean
987654321012345,8192,2000000,85.71428571428571,-7.326150471103756,1135.598893434338,430.0,2.640927659149623,COASTAL_WATER,minecraft:frozen_ocean
