state,example,temperatureC,rainfallMm,rainfallOverEvaporation,reachable
warm_wet,controlled climate input,25.0,1400.0,1.3133208255159474,true
warm_dry,controlled climate input,25.0,200.0,0.18761726078799248,true
temperate_wet,controlled climate input,15.0,1400.0,1.580135440180587,true
temperate_dry,controlled climate input,15.0,200.0,0.22573363431151242,true
cold_wet,controlled climate input,-5.0,1400.0,2.661596958174905,true
cold_dry,controlled climate input,-5.0,200.0,0.38022813688212925,true
high_elevation_cold,controlled climate input,-10.0,500.0,0.9505703422053232,true
rain_shadow_dry,controlled climate input,20.0,250.0,0.25614754098360654,true
maritime_wet,controlled climate input,20.0,1200.0,1.3636363636363635,true
