case,temperatureC,rainfallMm,continentality,evaporationMm,moistureIndex
cold_wet,5.0,1800.0,0.1,622.0,0.7428807263722658
cold_dry,5.0,250.0,0.8,706.0,0.2612330198537095
temperate_very_wet,15.0,2200.0,0.1,802.0,0.7326007326007326
temperate_moderate,15.0,900.0,0.4,838.0,0.5175388154111559
temperate_dry,15.0,250.0,0.8,886.0,0.2198768689533861
hot_wet,30.0,1800.0,0.1,1072.0,0.6265227984684998
hot_moderate,30.0,700.0,0.4,1108.0,0.3869541182974019
hot_dry,30.0,80.0,0.9,1168.0,0.06405124099279423
extreme_desert,35.0,20.0,1.0,1270.0,0.015491866769945779
