status	old_path_or_path	new_path_if_renamed
M	.gitignore
M	build.gradle
D	common/build.gradle
D	common/src/main/java/raccoonman/reterraforged/data/worldgen/BiomeModifierData.java
D	common/src/main/java/raccoonman/reterraforged/data/worldgen/ClimateNoise.java
D	common/src/main/java/raccoonman/reterraforged/data/worldgen/NoiseData.java
D	common/src/main/java/raccoonman/reterraforged/data/worldgen/RTFBiomeData.java
D	common/src/main/java/raccoonman/reterraforged/data/worldgen/RTFConfiguredCarvers.java
D	common/src/main/java/raccoonman/reterraforged/data/worldgen/RTFConfiguredFeatures.java
D	common/src/main/java/raccoonman/reterraforged/data/worldgen/RTFDimensionTypes.java
D	common/src/main/java/raccoonman/reterraforged/data/worldgen/RTFNoiseGeneratorSettings.java
D	common/src/main/java/raccoonman/reterraforged/data/worldgen/RTFNoiseRouterData.java
D	common/src/main/java/raccoonman/reterraforged/data/worldgen/RTFPlacedFeatures.java
D	common/src/main/java/raccoonman/reterraforged/data/worldgen/RTFSurfaceRuleData.java
D	common/src/main/java/raccoonman/reterraforged/data/worldgen/RTFTerrainProvider.java
D	common/src/main/java/raccoonman/reterraforged/data/worldgen/StrataNoise.java
D	common/src/main/java/raccoonman/reterraforged/data/worldgen/StructureRuleData.java
D	common/src/main/java/raccoonman/reterraforged/data/worldgen/SurfaceNoise.java
D	common/src/main/java/raccoonman/reterraforged/data/worldgen/TemplateDecoratorLists.java
D	common/src/main/java/raccoonman/reterraforged/data/worldgen/TemplatePaths.java
D	common/src/main/java/raccoonman/reterraforged/data/worldgen/TerrainNoise.java
D	common/src/main/java/raccoonman/reterraforged/data/worldgen/TerrainTypeNoise.java
D	common/src/main/java/raccoonman/reterraforged/data/worldgen/preset/CaveSettings.java
D	common/src/main/java/raccoonman/reterraforged/data/worldgen/preset/ClimateSettings.java
D	common/src/main/java/raccoonman/reterraforged/data/worldgen/preset/ContinentType.java
D	common/src/main/java/raccoonman/reterraforged/data/worldgen/preset/FilterSettings.java
D	common/src/main/java/raccoonman/reterraforged/data/worldgen/preset/MiscellaneousSettings.java
D	common/src/main/java/raccoonman/reterraforged/data/worldgen/preset/Preset.java
D	common/src/main/java/raccoonman/reterraforged/data/worldgen/preset/Presets.java
D	common/src/main/java/raccoonman/reterraforged/data/worldgen/preset/RiverSettings.java
D	common/src/main/java/raccoonman/reterraforged/data/worldgen/preset/SpawnType.java
D	common/src/main/java/raccoonman/reterraforged/data/worldgen/preset/StructureSettings.java
D	common/src/main/java/raccoonman/reterraforged/data/worldgen/preset/TerrainSettings.java
D	common/src/main/java/raccoonman/reterraforged/data/worldgen/preset/WorldSettings.java
D	common/src/main/java/raccoonman/reterraforged/platform/DataGenUtil.java
D	common/src/main/java/raccoonman/reterraforged/platform/ModLoaderUtil.java
D	common/src/main/java/raccoonman/reterraforged/platform/RegistryUtil.java
D	common/src/main/resources/architectury.common.json
D	common/src/main/resources/reterraforged.accesswidener
A	docs/PHASE_1_ARCHITECTURE_AUDIT.md
A	docs/PHASE_1_IMPLEMENTATION_PLAN.md
A	docs/TASK_0_ACCESS_MIGRATION.md
A	docs/TASK_0_PLATFORM_MIGRATION.md
D	fabric/build.gradle
D	fabric/src/main/java/raccoonman/reterraforged/fabric/RTFFabric.java
D	fabric/src/main/java/raccoonman/reterraforged/fabric/mixin/MixinBiomeModificationImpl.java
D	fabric/src/main/java/raccoonman/reterraforged/fabric/mixin/MixinChunkStatus.java
D	fabric/src/main/java/raccoonman/reterraforged/fabric/mixin/MixinMinecraftServer.java
D	fabric/src/main/java/raccoonman/reterraforged/fabric/mixin/MixinPresetEditor.java
D	fabric/src/main/java/raccoonman/reterraforged/platform/fabric/ConfigUtilImpl.java
D	fabric/src/main/java/raccoonman/reterraforged/platform/fabric/DataGenUtilImpl.java
D	fabric/src/main/java/raccoonman/reterraforged/platform/fabric/ModLoaderUtilImpl.java
D	fabric/src/main/java/raccoonman/reterraforged/platform/fabric/RegistryUtilImpl.java
D	fabric/src/main/java/raccoonman/reterraforged/world/worldgen/biome/modifier/fabric/AddModifier.java
D	fabric/src/main/java/raccoonman/reterraforged/world/worldgen/biome/modifier/fabric/BiomeModifiersImpl.java
D	fabric/src/main/java/raccoonman/reterraforged/world/worldgen/biome/modifier/fabric/FabricBiomeModifier.java
D	fabric/src/main/java/raccoonman/reterraforged/world/worldgen/biome/modifier/fabric/ReplaceModifier.java
D	fabric/src/main/resources/fabric.mod.json
D	fabric/src/main/resources/reterraforged-fabric.mixins.json
D	forge/build.gradle
D	forge/gradle.properties
D	forge/src/main/java/raccoonman/reterraforged/platform/forge/ConfigUtilImpl.java
D	forge/src/main/java/raccoonman/reterraforged/platform/forge/ModLoaderUtilImpl.java
D	forge/src/main/java/raccoonman/reterraforged/world/worldgen/biome/modifier/forge/BiomeModifiersImpl.java
D	forge/src/main/resources/logo.png
M	gradle.properties
M	settings.gradle
A	src/generated/resources/assets/reterraforged/lang/en_us.json
A	src/generated/resources/pack.mcmeta
R100	common/src/main/java/raccoonman/reterraforged/RTFCommon.java	src/main/java/raccoonman/reterraforged/RTFCommon.java
R100	common/src/main/java/raccoonman/reterraforged/client/data/LanguageProvider.java	src/main/java/raccoonman/reterraforged/client/data/LanguageProvider.java
R100	common/src/main/java/raccoonman/reterraforged/client/data/RTFLanguageProvider.java	src/main/java/raccoonman/reterraforged/client/data/RTFLanguageProvider.java
R100	common/src/main/java/raccoonman/reterraforged/client/data/RTFTranslationKeys.java	src/main/java/raccoonman/reterraforged/client/data/RTFTranslationKeys.java
R100	common/src/main/java/raccoonman/reterraforged/client/gui/ColumnAlignment.java	src/main/java/raccoonman/reterraforged/client/gui/ColumnAlignment.java
R100	common/src/main/java/raccoonman/reterraforged/client/gui/Toasts.java	src/main/java/raccoonman/reterraforged/client/gui/Toasts.java
R100	common/src/main/java/raccoonman/reterraforged/client/gui/Tooltips.java	src/main/java/raccoonman/reterraforged/client/gui/Tooltips.java
R100	common/src/main/java/raccoonman/reterraforged/client/gui/screen/page/BisectedPage.java	src/main/java/raccoonman/reterraforged/client/gui/screen/page/BisectedPage.java
R100	common/src/main/java/raccoonman/reterraforged/client/gui/screen/page/LinkedPageScreen.java	src/main/java/raccoonman/reterraforged/client/gui/screen/page/LinkedPageScreen.java
R100	common/src/main/java/raccoonman/reterraforged/client/gui/screen/presetconfig/CaveSettingsPage.java	src/main/java/raccoonman/reterraforged/client/gui/screen/presetconfig/CaveSettingsPage.java
R100	common/src/main/java/raccoonman/reterraforged/client/gui/screen/presetconfig/ClimateSettingsPage.java	src/main/java/raccoonman/reterraforged/client/gui/screen/presetconfig/ClimateSettingsPage.java
R100	common/src/main/java/raccoonman/reterraforged/client/gui/screen/presetconfig/FilterSettingsPage.java	src/main/java/raccoonman/reterraforged/client/gui/screen/presetconfig/FilterSettingsPage.java
R100	common/src/main/java/raccoonman/reterraforged/client/gui/screen/presetconfig/MiscellaneousPage.java	src/main/java/raccoonman/reterraforged/client/gui/screen/presetconfig/MiscellaneousPage.java
R100	common/src/main/java/raccoonman/reterraforged/client/gui/screen/presetconfig/PresetConfigScreen.java	src/main/java/raccoonman/reterraforged/client/gui/screen/presetconfig/PresetConfigScreen.java
R100	common/src/main/java/raccoonman/reterraforged/client/gui/screen/presetconfig/PresetEditorPage.java	src/main/java/raccoonman/reterraforged/client/gui/screen/presetconfig/PresetEditorPage.java
R100	common/src/main/java/raccoonman/reterraforged/client/gui/screen/presetconfig/PresetListPage.java	src/main/java/raccoonman/reterraforged/client/gui/screen/presetconfig/PresetListPage.java
R100	common/src/main/java/raccoonman/reterraforged/client/gui/screen/presetconfig/PresetWidgets.java	src/main/java/raccoonman/reterraforged/client/gui/screen/presetconfig/PresetWidgets.java
R100	common/src/main/java/raccoonman/reterraforged/client/gui/screen/presetconfig/RenderMode.java	src/main/java/raccoonman/reterraforged/client/gui/screen/presetconfig/RenderMode.java
R100	common/src/main/java/raccoonman/reterraforged/client/gui/screen/presetconfig/RiverSettingsPage.java	src/main/java/raccoonman/reterraforged/client/gui/screen/presetconfig/RiverSettingsPage.java
R100	common/src/main/java/raccoonman/reterraforged/client/gui/screen/presetconfig/StructureSettingsPage.java	src/main/java/raccoonman/reterraforged/client/gui/screen/presetconfig/StructureSettingsPage.java
R100	common/src/main/java/raccoonman/reterraforged/client/gui/screen/presetconfig/SurfaceSettingsPage.java	src/main/java/raccoonman/reterraforged/client/gui/screen/presetconfig/SurfaceSettingsPage.java
R100	common/src/main/java/raccoonman/reterraforged/client/gui/screen/presetconfig/TerrainSettingsPage.java	src/main/java/raccoonman/reterraforged/client/gui/screen/presetconfig/TerrainSettingsPage.java
R100	common/src/main/java/raccoonman/reterraforged/client/gui/screen/presetconfig/WorldSettingsPage.java	src/main/java/raccoonman/reterraforged/client/gui/screen/presetconfig/WorldSettingsPage.java
R100	common/src/main/java/raccoonman/reterraforged/client/gui/widget/Label.java	src/main/java/raccoonman/reterraforged/client/gui/widget/Label.java
R100	common/src/main/java/raccoonman/reterraforged/client/gui/widget/Slider.java	src/main/java/raccoonman/reterraforged/client/gui/widget/Slider.java
R100	common/src/main/java/raccoonman/reterraforged/client/gui/widget/ValueButton.java	src/main/java/raccoonman/reterraforged/client/gui/widget/ValueButton.java
R100	common/src/main/java/raccoonman/reterraforged/client/gui/widget/WidgetList.java	src/main/java/raccoonman/reterraforged/client/gui/widget/WidgetList.java
R100	common/src/main/java/raccoonman/reterraforged/concurrent/Disposable.java	src/main/java/raccoonman/reterraforged/concurrent/Disposable.java
R100	common/src/main/java/raccoonman/reterraforged/concurrent/Resource.java	src/main/java/raccoonman/reterraforged/concurrent/Resource.java
R100	common/src/main/java/raccoonman/reterraforged/concurrent/SimpleResource.java	src/main/java/raccoonman/reterraforged/concurrent/SimpleResource.java
R100	common/src/main/java/raccoonman/reterraforged/concurrent/ThreadPools.java	src/main/java/raccoonman/reterraforged/concurrent/ThreadPools.java
R100	common/src/main/java/raccoonman/reterraforged/concurrent/cache/Cache.java	src/main/java/raccoonman/reterraforged/concurrent/cache/Cache.java
R100	common/src/main/java/raccoonman/reterraforged/concurrent/cache/CacheEntry.java	src/main/java/raccoonman/reterraforged/concurrent/cache/CacheEntry.java
R100	common/src/main/java/raccoonman/reterraforged/concurrent/cache/CacheManager.java	src/main/java/raccoonman/reterraforged/concurrent/cache/CacheManager.java
R100	common/src/main/java/raccoonman/reterraforged/concurrent/cache/ExpiringEntry.java	src/main/java/raccoonman/reterraforged/concurrent/cache/ExpiringEntry.java
R100	common/src/main/java/raccoonman/reterraforged/concurrent/cache/SafeCloseable.java	src/main/java/raccoonman/reterraforged/concurrent/cache/SafeCloseable.java
R100	common/src/main/java/raccoonman/reterraforged/concurrent/cache/map/LoadBalanceLongMap.java	src/main/java/raccoonman/reterraforged/concurrent/cache/map/LoadBalanceLongMap.java
R100	common/src/main/java/raccoonman/reterraforged/concurrent/cache/map/LongMap.java	src/main/java/raccoonman/reterraforged/concurrent/cache/map/LongMap.java
R100	common/src/main/java/raccoonman/reterraforged/concurrent/cache/map/StampedBoundLongMap.java	src/main/java/raccoonman/reterraforged/concurrent/cache/map/StampedBoundLongMap.java
R100	common/src/main/java/raccoonman/reterraforged/concurrent/cache/map/StampedLongMap.java	src/main/java/raccoonman/reterraforged/concurrent/cache/map/StampedLongMap.java
R100	common/src/main/java/raccoonman/reterraforged/concurrent/pool/ArrayPool.java	src/main/java/raccoonman/reterraforged/concurrent/pool/ArrayPool.java
R100	common/src/main/java/raccoonman/reterraforged/concurrent/pool/ThreadLocalPool.java	src/main/java/raccoonman/reterraforged/concurrent/pool/ThreadLocalPool.java
R100	common/src/main/java/raccoonman/reterraforged/concurrent/task/LazyCallable.java	src/main/java/raccoonman/reterraforged/concurrent/task/LazyCallable.java
R100	common/src/main/java/raccoonman/reterraforged/concurrent/task/LazySupplier.java	src/main/java/raccoonman/reterraforged/concurrent/task/LazySupplier.java
R100	common/src/main/java/raccoonman/reterraforged/config/PerformanceConfig.java	src/main/java/raccoonman/reterraforged/config/PerformanceConfig.java
R100	common/src/main/java/raccoonman/reterraforged/data/worldgen/Datapacks.java	src/main/java/raccoonman/reterraforged/data/worldgen/Datapacks.java
R100	common/src/main/java/raccoonman/reterraforged/data/worldgen/preset/PresetBiomeData.java	src/main/java/raccoonman/reterraforged/data/worldgen/preset/PresetBiomeData.java
R100	common/src/main/java/raccoonman/reterraforged/data/worldgen/preset/PresetBiomeModifierData.java	src/main/java/raccoonman/reterraforged/data/worldgen/preset/PresetBiomeModifierData.java
R100	common/src/main/java/raccoonman/reterraforged/data/worldgen/preset/PresetClimateNoise.java	src/main/java/raccoonman/reterraforged/data/worldgen/preset/PresetClimateNoise.java
R100	common/src/main/java/raccoonman/reterraforged/data/worldgen/preset/PresetConfiguredCarvers.java	src/main/java/raccoonman/reterraforged/data/worldgen/preset/PresetConfiguredCarvers.java
R100	common/src/main/java/raccoonman/reterraforged/data/worldgen/preset/PresetConfiguredFeatures.java	src/main/java/raccoonman/reterraforged/data/worldgen/preset/PresetConfiguredFeatures.java
R100	common/src/main/java/raccoonman/reterraforged/data/worldgen/preset/PresetDimensionTypes.java	src/main/java/raccoonman/reterraforged/data/worldgen/preset/PresetDimensionTypes.java
R100	common/src/main/java/raccoonman/reterraforged/data/worldgen/preset/PresetNoiseData.java	src/main/java/raccoonman/reterraforged/data/worldgen/preset/PresetNoiseData.java
R100	common/src/main/java/raccoonman/reterraforged/data/worldgen/preset/PresetNoiseGeneratorSettings.java	src/main/java/raccoonman/reterraforged/data/worldgen/preset/PresetNoiseGeneratorSettings.java
R100	common/src/main/java/raccoonman/reterraforged/data/worldgen/preset/PresetNoiseRouterData.java	src/main/java/raccoonman/reterraforged/data/worldgen/preset/PresetNoiseRouterData.java
R100	common/src/main/java/raccoonman/reterraforged/data/worldgen/preset/PresetPlacedFeatures.java	src/main/java/raccoonman/reterraforged/data/worldgen/preset/PresetPlacedFeatures.java
R100	common/src/main/java/raccoonman/reterraforged/data/worldgen/preset/PresetStrataNoise.java	src/main/java/raccoonman/reterraforged/data/worldgen/preset/PresetStrataNoise.java
R100	common/src/main/java/raccoonman/reterraforged/data/worldgen/preset/PresetStructureRuleData.java	src/main/java/raccoonman/reterraforged/data/worldgen/preset/PresetStructureRuleData.java
R100	common/src/main/java/raccoonman/reterraforged/data/worldgen/preset/PresetSurfaceNoise.java	src/main/java/raccoonman/reterraforged/data/worldgen/preset/PresetSurfaceNoise.java
R100	common/src/main/java/raccoonman/reterraforged/data/worldgen/preset/PresetSurfaceRuleData.java	src/main/java/raccoonman/reterraforged/data/worldgen/preset/PresetSurfaceRuleData.java
R100	common/src/main/java/raccoonman/reterraforged/data/worldgen/preset/PresetTemplateDecoratorLists.java	src/main/java/raccoonman/reterraforged/data/worldgen/preset/PresetTemplateDecoratorLists.java
R100	common/src/main/java/raccoonman/reterraforged/data/worldgen/preset/PresetTemplatePaths.java	src/main/java/raccoonman/reterraforged/data/worldgen/preset/PresetTemplatePaths.java
R100	common/src/main/java/raccoonman/reterraforged/data/worldgen/preset/PresetTerrainNoise.java	src/main/java/raccoonman/reterraforged/data/worldgen/preset/PresetTerrainNoise.java
R100	common/src/main/java/raccoonman/reterraforged/data/worldgen/preset/PresetTerrainProvider.java	src/main/java/raccoonman/reterraforged/data/worldgen/preset/PresetTerrainProvider.java
R100	common/src/main/java/raccoonman/reterraforged/data/worldgen/preset/PresetTerrainTypeNoise.java	src/main/java/raccoonman/reterraforged/data/worldgen/preset/PresetTerrainTypeNoise.java
R100	common/src/main/java/raccoonman/reterraforged/data/worldgen/preset/settings/CaveSettings.java	src/main/java/raccoonman/reterraforged/data/worldgen/preset/settings/CaveSettings.java
R100	common/src/main/java/raccoonman/reterraforged/data/worldgen/preset/settings/ClimateSettings.java	src/main/java/raccoonman/reterraforged/data/worldgen/preset/settings/ClimateSettings.java
R100	common/src/main/java/raccoonman/reterraforged/data/worldgen/preset/settings/ContinentType.java	src/main/java/raccoonman/reterraforged/data/worldgen/preset/settings/ContinentType.java
R100	common/src/main/java/raccoonman/reterraforged/data/worldgen/preset/settings/FilterSettings.java	src/main/java/raccoonman/reterraforged/data/worldgen/preset/settings/FilterSettings.java
R100	common/src/main/java/raccoonman/reterraforged/data/worldgen/preset/settings/MiscellaneousSettings.java	src/main/java/raccoonman/reterraforged/data/worldgen/preset/settings/MiscellaneousSettings.java
R100	common/src/main/java/raccoonman/reterraforged/data/worldgen/preset/settings/Preset.java	src/main/java/raccoonman/reterraforged/data/worldgen/preset/settings/Preset.java
R100	common/src/main/java/raccoonman/reterraforged/data/worldgen/preset/settings/Presets.java	src/main/java/raccoonman/reterraforged/data/worldgen/preset/settings/Presets.java
R100	common/src/main/java/raccoonman/reterraforged/data/worldgen/preset/settings/RiverSettings.java	src/main/java/raccoonman/reterraforged/data/worldgen/preset/settings/RiverSettings.java
R100	common/src/main/java/raccoonman/reterraforged/data/worldgen/preset/settings/SpawnType.java	src/main/java/raccoonman/reterraforged/data/worldgen/preset/settings/SpawnType.java
R100	common/src/main/java/raccoonman/reterraforged/data/worldgen/preset/settings/StructureSettings.java	src/main/java/raccoonman/reterraforged/data/worldgen/preset/settings/StructureSettings.java
R100	common/src/main/java/raccoonman/reterraforged/data/worldgen/preset/settings/TerrainSettings.java	src/main/java/raccoonman/reterraforged/data/worldgen/preset/settings/TerrainSettings.java
R100	common/src/main/java/raccoonman/reterraforged/data/worldgen/preset/settings/WorldSettings.java	src/main/java/raccoonman/reterraforged/data/worldgen/preset/settings/WorldSettings.java
R100	common/src/main/java/raccoonman/reterraforged/data/worldgen/tags/RTFBlockTagsProvider.java	src/main/java/raccoonman/reterraforged/data/worldgen/tags/RTFBlockTagsProvider.java
R100	common/src/main/java/raccoonman/reterraforged/data/worldgen/tags/RTFDensityFunctionTagsProvider.java	src/main/java/raccoonman/reterraforged/data/worldgen/tags/RTFDensityFunctionTagsProvider.java
R093	forge/src/main/java/raccoonman/reterraforged/forge/RTFForge.java	src/main/java/raccoonman/reterraforged/forge/RTFForge.java
R100	forge/src/main/java/raccoonman/reterraforged/forge/RTFForgeClient.java	src/main/java/raccoonman/reterraforged/forge/RTFForgeClient.java
R100	forge/src/main/java/raccoonman/reterraforged/forge/mixin/MixinBiomeGenerationSettingsPlainsBuilder.java	src/main/java/raccoonman/reterraforged/forge/mixin/MixinBiomeGenerationSettingsPlainsBuilder.java
R100	forge/src/main/java/raccoonman/reterraforged/forge/mixin/MixinChunkStatus.java	src/main/java/raccoonman/reterraforged/forge/mixin/MixinChunkStatus.java
R100	forge/src/main/java/raccoonman/reterraforged/forge/mixin/MixinMinecraftServer.java	src/main/java/raccoonman/reterraforged/forge/mixin/MixinMinecraftServer.java
R100	forge/src/main/java/raccoonman/reterraforged/forge/mixin/MixinTagsProvider.java	src/main/java/raccoonman/reterraforged/forge/mixin/MixinTagsProvider.java
R100	common/src/main/java/raccoonman/reterraforged/mixin/MixinBiomeGenerationSettings.java	src/main/java/raccoonman/reterraforged/mixin/MixinBiomeGenerationSettings.java
R100	common/src/main/java/raccoonman/reterraforged/mixin/MixinChunkMap.java	src/main/java/raccoonman/reterraforged/mixin/MixinChunkMap.java
R100	common/src/main/java/raccoonman/reterraforged/mixin/MixinClimateSampler.java	src/main/java/raccoonman/reterraforged/mixin/MixinClimateSampler.java
R100	common/src/main/java/raccoonman/reterraforged/mixin/MixinMinecraftServer.java	src/main/java/raccoonman/reterraforged/mixin/MixinMinecraftServer.java
R100	common/src/main/java/raccoonman/reterraforged/mixin/MixinNoiseChunk.java	src/main/java/raccoonman/reterraforged/mixin/MixinNoiseChunk.java
R100	common/src/main/java/raccoonman/reterraforged/mixin/MixinRandomState.java	src/main/java/raccoonman/reterraforged/mixin/MixinRandomState.java
R100	common/src/main/java/raccoonman/reterraforged/mixin/MixinSpawnFinder.java	src/main/java/raccoonman/reterraforged/mixin/MixinSpawnFinder.java
R100	common/src/main/java/raccoonman/reterraforged/mixin/MixinStructure.java	src/main/java/raccoonman/reterraforged/mixin/MixinStructure.java
R100	common/src/main/java/raccoonman/reterraforged/mixin/MixinSurfaceSystem.java	src/main/java/raccoonman/reterraforged/mixin/MixinSurfaceSystem.java
R100	common/src/main/java/raccoonman/reterraforged/mixin/MixinUtil.java	src/main/java/raccoonman/reterraforged/mixin/MixinUtil.java
R100	common/src/main/java/raccoonman/reterraforged/mixin/ScreenInvoker.java	src/main/java/raccoonman/reterraforged/mixin/ScreenInvoker.java
R100	common/src/main/java/raccoonman/reterraforged/mixin/plugin/MixinPlugin.java	src/main/java/raccoonman/reterraforged/mixin/plugin/MixinPlugin.java
R100	common/src/main/java/raccoonman/reterraforged/mixin/terrablender/MixinClimateSampler.java	src/main/java/raccoonman/reterraforged/mixin/terrablender/MixinClimateSampler.java
R100	common/src/main/java/raccoonman/reterraforged/mixin/terrablender/MixinNoiseChunk.java	src/main/java/raccoonman/reterraforged/mixin/terrablender/MixinNoiseChunk.java
R100	common/src/main/java/raccoonman/reterraforged/mixin/terrablender/MixinParameterList.java	src/main/java/raccoonman/reterraforged/mixin/terrablender/MixinParameterList.java
R100	common/src/main/java/raccoonman/reterraforged/mixin/terrablender/MixinTargetPoint.java	src/main/java/raccoonman/reterraforged/mixin/terrablender/MixinTargetPoint.java
R076	common/src/main/java/raccoonman/reterraforged/platform/ConfigUtil.java	src/main/java/raccoonman/reterraforged/platform/ConfigUtil.java
R064	forge/src/main/java/raccoonman/reterraforged/platform/forge/DataGenUtilImpl.java	src/main/java/raccoonman/reterraforged/platform/DataGenUtil.java
R099	forge/src/main/java/raccoonman/reterraforged/platform/forge/DeferredRegistry.java	src/main/java/raccoonman/reterraforged/platform/DeferredRegistry.java
A	src/main/java/raccoonman/reterraforged/platform/ModLoaderUtil.java
R085	forge/src/main/java/raccoonman/reterraforged/platform/forge/RegistryUtilImpl.java	src/main/java/raccoonman/reterraforged/platform/RegistryUtil.java
R100	common/src/main/java/raccoonman/reterraforged/registries/RTFBuiltInRegistries.java	src/main/java/raccoonman/reterraforged/registries/RTFBuiltInRegistries.java
R100	common/src/main/java/raccoonman/reterraforged/registries/RTFRegistries.java	src/main/java/raccoonman/reterraforged/registries/RTFRegistries.java
R100	common/src/main/java/raccoonman/reterraforged/server/RTFMinecraftServer.java	src/main/java/raccoonman/reterraforged/server/RTFMinecraftServer.java
R100	common/src/main/java/raccoonman/reterraforged/tags/RTFBlockTags.java	src/main/java/raccoonman/reterraforged/tags/RTFBlockTags.java
R100	common/src/main/java/raccoonman/reterraforged/tags/RTFDensityFunctionTags.java	src/main/java/raccoonman/reterraforged/tags/RTFDensityFunctionTags.java
R100	common/src/main/java/raccoonman/reterraforged/world/worldgen/GeneratorContext.java	src/main/java/raccoonman/reterraforged/world/worldgen/GeneratorContext.java
R100	common/src/main/java/raccoonman/reterraforged/world/worldgen/RTFRandomState.java	src/main/java/raccoonman/reterraforged/world/worldgen/RTFRandomState.java
R100	common/src/main/java/raccoonman/reterraforged/world/worldgen/WorldErosion.java	src/main/java/raccoonman/reterraforged/world/worldgen/WorldErosion.java
R100	common/src/main/java/raccoonman/reterraforged/world/worldgen/WorldFilters.java	src/main/java/raccoonman/reterraforged/world/worldgen/WorldFilters.java
R100	common/src/main/java/raccoonman/reterraforged/world/worldgen/biome/BiomeParameter.java	src/main/java/raccoonman/reterraforged/world/worldgen/biome/BiomeParameter.java
R100	common/src/main/java/raccoonman/reterraforged/world/worldgen/biome/ClimateParameter.java	src/main/java/raccoonman/reterraforged/world/worldgen/biome/ClimateParameter.java
R100	common/src/main/java/raccoonman/reterraforged/world/worldgen/biome/Continentalness.java	src/main/java/raccoonman/reterraforged/world/worldgen/biome/Continentalness.java
R100	common/src/main/java/raccoonman/reterraforged/world/worldgen/biome/Erosion.java	src/main/java/raccoonman/reterraforged/world/worldgen/biome/Erosion.java
R100	common/src/main/java/raccoonman/reterraforged/world/worldgen/biome/Humidity.java	src/main/java/raccoonman/reterraforged/world/worldgen/biome/Humidity.java
R100	common/src/main/java/raccoonman/reterraforged/world/worldgen/biome/Parameter.java	src/main/java/raccoonman/reterraforged/world/worldgen/biome/Parameter.java
R100	common/src/main/java/raccoonman/reterraforged/world/worldgen/biome/RTFBiomes.java	src/main/java/raccoonman/reterraforged/world/worldgen/biome/RTFBiomes.java
R100	common/src/main/java/raccoonman/reterraforged/world/worldgen/biome/RTFClimateSampler.java	src/main/java/raccoonman/reterraforged/world/worldgen/biome/RTFClimateSampler.java
R100	common/src/main/java/raccoonman/reterraforged/world/worldgen/biome/RTFTargetPoint.java	src/main/java/raccoonman/reterraforged/world/worldgen/biome/RTFTargetPoint.java
R100	common/src/main/java/raccoonman/reterraforged/world/worldgen/biome/Temperature.java	src/main/java/raccoonman/reterraforged/world/worldgen/biome/Temperature.java
R100	common/src/main/java/raccoonman/reterraforged/world/worldgen/biome/Weirdness.java	src/main/java/raccoonman/reterraforged/world/worldgen/biome/Weirdness.java
R100	common/src/main/java/raccoonman/reterraforged/world/worldgen/biome/modifier/BiomeModifier.java	src/main/java/raccoonman/reterraforged/world/worldgen/biome/modifier/BiomeModifier.java
R081	common/src/main/java/raccoonman/reterraforged/world/worldgen/biome/modifier/BiomeModifiers.java	src/main/java/raccoonman/reterraforged/world/worldgen/biome/modifier/BiomeModifiers.java
R100	common/src/main/java/raccoonman/reterraforged/world/worldgen/biome/modifier/Filter.java	src/main/java/raccoonman/reterraforged/world/worldgen/biome/modifier/Filter.java
R100	common/src/main/java/raccoonman/reterraforged/world/worldgen/biome/modifier/Order.java	src/main/java/raccoonman/reterraforged/world/worldgen/biome/modifier/Order.java
R093	forge/src/main/java/raccoonman/reterraforged/world/worldgen/biome/modifier/forge/AddModifier.java	src/main/java/raccoonman/reterraforged/world/worldgen/biome/modifier/forge/AddModifier.java
R100	forge/src/main/java/raccoonman/reterraforged/world/worldgen/biome/modifier/forge/ForgeBiomeModifier.java	src/main/java/raccoonman/reterraforged/world/worldgen/biome/modifier/forge/ForgeBiomeModifier.java
R091	forge/src/main/java/raccoonman/reterraforged/world/worldgen/biome/modifier/forge/ReplaceModifier.java	src/main/java/raccoonman/reterraforged/world/worldgen/biome/modifier/forge/ReplaceModifier.java
R100	common/src/main/java/raccoonman/reterraforged/world/worldgen/cell/Cell.java	src/main/java/raccoonman/reterraforged/world/worldgen/cell/Cell.java
R100	common/src/main/java/raccoonman/reterraforged/world/worldgen/cell/CellLookup.java	src/main/java/raccoonman/reterraforged/world/worldgen/cell/CellLookup.java
R100	common/src/main/java/raccoonman/reterraforged/world/worldgen/cell/CellPopulator.java	src/main/java/raccoonman/reterraforged/world/worldgen/cell/CellPopulator.java
R100	common/src/main/java/raccoonman/reterraforged/world/worldgen/cell/biome/type/BiomeType.java	src/main/java/raccoonman/reterraforged/world/worldgen/cell/biome/type/BiomeType.java
R100	common/src/main/java/raccoonman/reterraforged/world/worldgen/cell/biome/type/BiomeTypeColors.java	src/main/java/raccoonman/reterraforged/world/worldgen/cell/biome/type/BiomeTypeColors.java
R100	common/src/main/java/raccoonman/reterraforged/world/worldgen/cell/biome/type/BiomeTypeLoader.java	src/main/java/raccoonman/reterraforged/world/worldgen/cell/biome/type/BiomeTypeLoader.java
R100	common/src/main/java/raccoonman/reterraforged/world/worldgen/cell/climate/Climate.java	src/main/java/raccoonman/reterraforged/world/worldgen/cell/climate/Climate.java
R100	common/src/main/java/raccoonman/reterraforged/world/worldgen/cell/climate/ClimateModule.java	src/main/java/raccoonman/reterraforged/world/worldgen/cell/climate/ClimateModule.java
R100	common/src/main/java/raccoonman/reterraforged/world/worldgen/cell/continent/Continent.java	src/main/java/raccoonman/reterraforged/world/worldgen/cell/continent/Continent.java
R100	common/src/main/java/raccoonman/reterraforged/world/worldgen/cell/continent/ContinentLerper2.java	src/main/java/raccoonman/reterraforged/world/worldgen/cell/continent/ContinentLerper2.java
R100	common/src/main/java/raccoonman/reterraforged/world/worldgen/cell/continent/ContinentLerper3.java	src/main/java/raccoonman/reterraforged/world/worldgen/cell/continent/ContinentLerper3.java
R100	common/src/main/java/raccoonman/reterraforged/world/worldgen/cell/continent/MushroomIslandPopulator.java	src/main/java/raccoonman/reterraforged/world/worldgen/cell/continent/MushroomIslandPopulator.java
R100	common/src/main/java/raccoonman/reterraforged/world/worldgen/cell/continent/SimpleContinent.java	src/main/java/raccoonman/reterraforged/world/worldgen/cell/continent/SimpleContinent.java
R100	common/src/main/java/raccoonman/reterraforged/world/worldgen/cell/continent/advanced/AbstractContinent.java	src/main/java/raccoonman/reterraforged/world/worldgen/cell/continent/advanced/AbstractContinent.java
R100	common/src/main/java/raccoonman/reterraforged/world/worldgen/cell/continent/advanced/AdvancedContinentGenerator.java	src/main/java/raccoonman/reterraforged/world/worldgen/cell/continent/advanced/AdvancedContinentGenerator.java
R100	common/src/main/java/raccoonman/reterraforged/world/worldgen/cell/continent/fancy/FancyContinent.java	src/main/java/raccoonman/reterraforged/world/worldgen/cell/continent/fancy/FancyContinent.java
R100	common/src/main/java/raccoonman/reterraforged/world/worldgen/cell/continent/fancy/FancyContinentGenerator.java	src/main/java/raccoonman/reterraforged/world/worldgen/cell/continent/fancy/FancyContinentGenerator.java
R100	common/src/main/java/raccoonman/reterraforged/world/worldgen/cell/continent/fancy/FancyRiverGenerator.java	src/main/java/raccoonman/reterraforged/world/worldgen/cell/continent/fancy/FancyRiverGenerator.java
R100	common/src/main/java/raccoonman/reterraforged/world/worldgen/cell/continent/fancy/Island.java	src/main/java/raccoonman/reterraforged/world/worldgen/cell/continent/fancy/Island.java
R100	common/src/main/java/raccoonman/reterraforged/world/worldgen/cell/continent/fancy/Segment.java	src/main/java/raccoonman/reterraforged/world/worldgen/cell/continent/fancy/Segment.java
R100	common/src/main/java/raccoonman/reterraforged/world/worldgen/cell/continent/infinite/InfiniteContinentGenerator.java	src/main/java/raccoonman/reterraforged/world/worldgen/cell/continent/infinite/InfiniteContinentGenerator.java
R100	common/src/main/java/raccoonman/reterraforged/world/worldgen/cell/continent/simple/ContinentGenerator.java	src/main/java/raccoonman/reterraforged/world/worldgen/cell/continent/simple/ContinentGenerator.java
R100	common/src/main/java/raccoonman/reterraforged/world/worldgen/cell/continent/simple/MultiContinentGenerator.java	src/main/java/raccoonman/reterraforged/world/worldgen/cell/continent/simple/MultiContinentGenerator.java
R100	common/src/main/java/raccoonman/reterraforged/world/worldgen/cell/continent/simple/SimpleRiverGenerator.java	src/main/java/raccoonman/reterraforged/world/worldgen/cell/continent/simple/SimpleRiverGenerator.java
R100	common/src/main/java/raccoonman/reterraforged/world/worldgen/cell/continent/simple/SingleContinentGenerator.java	src/main/java/raccoonman/reterraforged/world/worldgen/cell/continent/simple/SingleContinentGenerator.java
R100	common/src/main/java/raccoonman/reterraforged/world/worldgen/cell/filter/BeachDetect.java	src/main/java/raccoonman/reterraforged/world/worldgen/cell/filter/BeachDetect.java
R100	common/src/main/java/raccoonman/reterraforged/world/worldgen/cell/filter/NoiseCorrection.java	src/main/java/raccoonman/reterraforged/world/worldgen/cell/filter/NoiseCorrection.java
R100	common/src/main/java/raccoonman/reterraforged/world/worldgen/cell/heightmap/ControlPoints.java	src/main/java/raccoonman/reterraforged/world/worldgen/cell/heightmap/ControlPoints.java
R100	common/src/main/java/raccoonman/reterraforged/world/worldgen/cell/heightmap/Heightmap.java	src/main/java/raccoonman/reterraforged/world/worldgen/cell/heightmap/Heightmap.java
R100	common/src/main/java/raccoonman/reterraforged/world/worldgen/cell/heightmap/Levels.java	src/main/java/raccoonman/reterraforged/world/worldgen/cell/heightmap/Levels.java
R100	common/src/main/java/raccoonman/reterraforged/world/worldgen/cell/heightmap/RegionConfig.java	src/main/java/raccoonman/reterraforged/world/worldgen/cell/heightmap/RegionConfig.java
R100	common/src/main/java/raccoonman/reterraforged/world/worldgen/cell/heightmap/WorldLookup.java	src/main/java/raccoonman/reterraforged/world/worldgen/cell/heightmap/WorldLookup.java
R100	common/src/main/java/raccoonman/reterraforged/world/worldgen/cell/rivermap/LegacyRiverCache.java	src/main/java/raccoonman/reterraforged/world/worldgen/cell/rivermap/LegacyRiverCache.java
R100	common/src/main/java/raccoonman/reterraforged/world/worldgen/cell/rivermap/RiverCache.java	src/main/java/raccoonman/reterraforged/world/worldgen/cell/rivermap/RiverCache.java
R100	common/src/main/java/raccoonman/reterraforged/world/worldgen/cell/rivermap/RiverGenerator.java	src/main/java/raccoonman/reterraforged/world/worldgen/cell/rivermap/RiverGenerator.java
R100	common/src/main/java/raccoonman/reterraforged/world/worldgen/cell/rivermap/Rivermap.java	src/main/java/raccoonman/reterraforged/world/worldgen/cell/rivermap/Rivermap.java
R100	common/src/main/java/raccoonman/reterraforged/world/worldgen/cell/rivermap/gen/GenWarp.java	src/main/java/raccoonman/reterraforged/world/worldgen/cell/rivermap/gen/GenWarp.java
R100	common/src/main/java/raccoonman/reterraforged/world/worldgen/cell/rivermap/lake/Lake.java	src/main/java/raccoonman/reterraforged/world/worldgen/cell/rivermap/lake/Lake.java
R100	common/src/main/java/raccoonman/reterraforged/world/worldgen/cell/rivermap/lake/LakeConfig.java	src/main/java/raccoonman/reterraforged/world/worldgen/cell/rivermap/lake/LakeConfig.java
R100	common/src/main/java/raccoonman/reterraforged/world/worldgen/cell/rivermap/river/BaseRiverGenerator.java	src/main/java/raccoonman/reterraforged/world/worldgen/cell/rivermap/river/BaseRiverGenerator.java
R100	common/src/main/java/raccoonman/reterraforged/world/worldgen/cell/rivermap/river/Network.java	src/main/java/raccoonman/reterraforged/world/worldgen/cell/rivermap/river/Network.java
R100	common/src/main/java/raccoonman/reterraforged/world/worldgen/cell/rivermap/river/Range.java	src/main/java/raccoonman/reterraforged/world/worldgen/cell/rivermap/river/Range.java
R100	common/src/main/java/raccoonman/reterraforged/world/worldgen/cell/rivermap/river/River.java	src/main/java/raccoonman/reterraforged/world/worldgen/cell/rivermap/river/River.java
R100	common/src/main/java/raccoonman/reterraforged/world/worldgen/cell/rivermap/river/RiverCarver.java	src/main/java/raccoonman/reterraforged/world/worldgen/cell/rivermap/river/RiverCarver.java
R100	common/src/main/java/raccoonman/reterraforged/world/worldgen/cell/rivermap/river/RiverConfig.java	src/main/java/raccoonman/reterraforged/world/worldgen/cell/rivermap/river/RiverConfig.java
R100	common/src/main/java/raccoonman/reterraforged/world/worldgen/cell/rivermap/river/RiverWarp.java	src/main/java/raccoonman/reterraforged/world/worldgen/cell/rivermap/river/RiverWarp.java
R100	common/src/main/java/raccoonman/reterraforged/world/worldgen/cell/rivermap/wetland/Wetland.java	src/main/java/raccoonman/reterraforged/world/worldgen/cell/rivermap/wetland/Wetland.java
R100	common/src/main/java/raccoonman/reterraforged/world/worldgen/cell/rivermap/wetland/WetlandConfig.java	src/main/java/raccoonman/reterraforged/world/worldgen/cell/rivermap/wetland/WetlandConfig.java
R100	common/src/main/java/raccoonman/reterraforged/world/worldgen/cell/terrain/Blender.java	src/main/java/raccoonman/reterraforged/world/worldgen/cell/terrain/Blender.java
R100	common/src/main/java/raccoonman/reterraforged/world/worldgen/cell/terrain/CompositeTerrain.java	src/main/java/raccoonman/reterraforged/world/worldgen/cell/terrain/CompositeTerrain.java
R100	common/src/main/java/raccoonman/reterraforged/world/worldgen/cell/terrain/ConfiguredTerrain.java	src/main/java/raccoonman/reterraforged/world/worldgen/cell/terrain/ConfiguredTerrain.java
R100	common/src/main/java/raccoonman/reterraforged/world/worldgen/cell/terrain/ITerrain.java	src/main/java/raccoonman/reterraforged/world/worldgen/cell/terrain/ITerrain.java
R100	common/src/main/java/raccoonman/reterraforged/world/worldgen/cell/terrain/Populators.java	src/main/java/raccoonman/reterraforged/world/worldgen/cell/terrain/Populators.java
R100	common/src/main/java/raccoonman/reterraforged/world/worldgen/cell/terrain/Terrain.java	src/main/java/raccoonman/reterraforged/world/worldgen/cell/terrain/Terrain.java
R100	common/src/main/java/raccoonman/reterraforged/world/worldgen/cell/terrain/TerrainCategory.java	src/main/java/raccoonman/reterraforged/world/worldgen/cell/terrain/TerrainCategory.java
R100	common/src/main/java/raccoonman/reterraforged/world/worldgen/cell/terrain/TerrainType.java	src/main/java/raccoonman/reterraforged/world/worldgen/cell/terrain/TerrainType.java
R100	common/src/main/java/raccoonman/reterraforged/world/worldgen/cell/terrain/populator/IslandPopulator.java	src/main/java/raccoonman/reterraforged/world/worldgen/cell/terrain/populator/IslandPopulator.java
R100	common/src/main/java/raccoonman/reterraforged/world/worldgen/cell/terrain/populator/OceanPopulator.java	src/main/java/raccoonman/reterraforged/world/worldgen/cell/terrain/populator/OceanPopulator.java
R100	common/src/main/java/raccoonman/reterraforged/world/worldgen/cell/terrain/populator/TerrainPopulator.java	src/main/java/raccoonman/reterraforged/world/worldgen/cell/terrain/populator/TerrainPopulator.java
R100	common/src/main/java/raccoonman/reterraforged/world/worldgen/cell/terrain/populator/VolcanoPopulator.java	src/main/java/raccoonman/reterraforged/world/worldgen/cell/terrain/populator/VolcanoPopulator.java
R100	common/src/main/java/raccoonman/reterraforged/world/worldgen/cell/terrain/populator/WeightedPopulator.java	src/main/java/raccoonman/reterraforged/world/worldgen/cell/terrain/populator/WeightedPopulator.java
R100	common/src/main/java/raccoonman/reterraforged/world/worldgen/cell/terrain/provider/TerrainProvider.java	src/main/java/raccoonman/reterraforged/world/worldgen/cell/terrain/provider/TerrainProvider.java
R100	common/src/main/java/raccoonman/reterraforged/world/worldgen/cell/terrain/region/RegionLerper.java	src/main/java/raccoonman/reterraforged/world/worldgen/cell/terrain/region/RegionLerper.java
R100	common/src/main/java/raccoonman/reterraforged/world/worldgen/cell/terrain/region/RegionModule.java	src/main/java/raccoonman/reterraforged/world/worldgen/cell/terrain/region/RegionModule.java
R100	common/src/main/java/raccoonman/reterraforged/world/worldgen/cell/terrain/region/RegionSelector.java	src/main/java/raccoonman/reterraforged/world/worldgen/cell/terrain/region/RegionSelector.java
R100	common/src/main/java/raccoonman/reterraforged/world/worldgen/densityfunction/CellSampler.java	src/main/java/raccoonman/reterraforged/world/worldgen/densityfunction/CellSampler.java
R100	common/src/main/java/raccoonman/reterraforged/world/worldgen/densityfunction/ClampToNearestUnit.java	src/main/java/raccoonman/reterraforged/world/worldgen/densityfunction/ClampToNearestUnit.java
R100	common/src/main/java/raccoonman/reterraforged/world/worldgen/densityfunction/ConditionalArrayCache.java	src/main/java/raccoonman/reterraforged/world/worldgen/densityfunction/ConditionalArrayCache.java
R100	common/src/main/java/raccoonman/reterraforged/world/worldgen/densityfunction/LinearSplineFunction.java	src/main/java/raccoonman/reterraforged/world/worldgen/densityfunction/LinearSplineFunction.java
R100	common/src/main/java/raccoonman/reterraforged/world/worldgen/densityfunction/MarkerFunction.java	src/main/java/raccoonman/reterraforged/world/worldgen/densityfunction/MarkerFunction.java
R100	common/src/main/java/raccoonman/reterraforged/world/worldgen/densityfunction/MutableFunctionContext.java	src/main/java/raccoonman/reterraforged/world/worldgen/densityfunction/MutableFunctionContext.java
R100	common/src/main/java/raccoonman/reterraforged/world/worldgen/densityfunction/NoiseFunction.java	src/main/java/raccoonman/reterraforged/world/worldgen/densityfunction/NoiseFunction.java
R100	common/src/main/java/raccoonman/reterraforged/world/worldgen/densityfunction/RTFDensityFunctions.java	src/main/java/raccoonman/reterraforged/world/worldgen/densityfunction/RTFDensityFunctions.java
R100	common/src/main/java/raccoonman/reterraforged/world/worldgen/densityfunction/StructureGenMask.java	src/main/java/raccoonman/reterraforged/world/worldgen/densityfunction/StructureGenMask.java
R100	common/src/main/java/raccoonman/reterraforged/world/worldgen/densityfunction/tile/Size.java	src/main/java/raccoonman/reterraforged/world/worldgen/densityfunction/tile/Size.java
R100	common/src/main/java/raccoonman/reterraforged/world/worldgen/densityfunction/tile/Tile.java	src/main/java/raccoonman/reterraforged/world/worldgen/densityfunction/tile/Tile.java
R100	common/src/main/java/raccoonman/reterraforged/world/worldgen/densityfunction/tile/TileCache.java	src/main/java/raccoonman/reterraforged/world/worldgen/densityfunction/tile/TileCache.java
R100	common/src/main/java/raccoonman/reterraforged/world/worldgen/densityfunction/tile/TileFactory.java	src/main/java/raccoonman/reterraforged/world/worldgen/densityfunction/tile/TileFactory.java
R100	common/src/main/java/raccoonman/reterraforged/world/worldgen/densityfunction/tile/chunk/ChunkHolder.java	src/main/java/raccoonman/reterraforged/world/worldgen/densityfunction/tile/chunk/ChunkHolder.java
R100	common/src/main/java/raccoonman/reterraforged/world/worldgen/densityfunction/tile/chunk/ChunkReader.java	src/main/java/raccoonman/reterraforged/world/worldgen/densityfunction/tile/chunk/ChunkReader.java
R100	common/src/main/java/raccoonman/reterraforged/world/worldgen/densityfunction/tile/chunk/ChunkWriter.java	src/main/java/raccoonman/reterraforged/world/worldgen/densityfunction/tile/chunk/ChunkWriter.java
R100	common/src/main/java/raccoonman/reterraforged/world/worldgen/densityfunction/tile/filter/BeachDetect.java	src/main/java/raccoonman/reterraforged/world/worldgen/densityfunction/tile/filter/BeachDetect.java
R100	common/src/main/java/raccoonman/reterraforged/world/worldgen/densityfunction/tile/filter/Erosion.java	src/main/java/raccoonman/reterraforged/world/worldgen/densityfunction/tile/filter/Erosion.java
R100	common/src/main/java/raccoonman/reterraforged/world/worldgen/densityfunction/tile/filter/Filter.java	src/main/java/raccoonman/reterraforged/world/worldgen/densityfunction/tile/filter/Filter.java
R100	common/src/main/java/raccoonman/reterraforged/world/worldgen/densityfunction/tile/filter/Filterable.java	src/main/java/raccoonman/reterraforged/world/worldgen/densityfunction/tile/filter/Filterable.java
R100	common/src/main/java/raccoonman/reterraforged/world/worldgen/densityfunction/tile/filter/Modifier.java	src/main/java/raccoonman/reterraforged/world/worldgen/densityfunction/tile/filter/Modifier.java
R100	common/src/main/java/raccoonman/reterraforged/world/worldgen/densityfunction/tile/filter/NoiseCorrection.java	src/main/java/raccoonman/reterraforged/world/worldgen/densityfunction/tile/filter/NoiseCorrection.java
R100	common/src/main/java/raccoonman/reterraforged/world/worldgen/densityfunction/tile/filter/Smoothing.java	src/main/java/raccoonman/reterraforged/world/worldgen/densityfunction/tile/filter/Smoothing.java
R100	common/src/main/java/raccoonman/reterraforged/world/worldgen/densityfunction/tile/filter/Steepness.java	src/main/java/raccoonman/reterraforged/world/worldgen/densityfunction/tile/filter/Steepness.java
R100	common/src/main/java/raccoonman/reterraforged/world/worldgen/densityfunction/tile/generation/TileGenerator.java	src/main/java/raccoonman/reterraforged/world/worldgen/densityfunction/tile/generation/TileGenerator.java
R100	common/src/main/java/raccoonman/reterraforged/world/worldgen/feature/BushFeature.java	src/main/java/raccoonman/reterraforged/world/worldgen/feature/BushFeature.java
R100	common/src/main/java/raccoonman/reterraforged/world/worldgen/feature/ColumnDecorator.java	src/main/java/raccoonman/reterraforged/world/worldgen/feature/ColumnDecorator.java
R100	common/src/main/java/raccoonman/reterraforged/world/worldgen/feature/DecorateSnowFeature.java	src/main/java/raccoonman/reterraforged/world/worldgen/feature/DecorateSnowFeature.java
R100	common/src/main/java/raccoonman/reterraforged/world/worldgen/feature/DiskFeature.java	src/main/java/raccoonman/reterraforged/world/worldgen/feature/DiskFeature.java
R100	common/src/main/java/raccoonman/reterraforged/world/worldgen/feature/ErodeFeature.java	src/main/java/raccoonman/reterraforged/world/worldgen/feature/ErodeFeature.java
R100	common/src/main/java/raccoonman/reterraforged/world/worldgen/feature/RTFFeatures.java	src/main/java/raccoonman/reterraforged/world/worldgen/feature/RTFFeatures.java
R100	common/src/main/java/raccoonman/reterraforged/world/worldgen/feature/SwampSurfaceFeature.java	src/main/java/raccoonman/reterraforged/world/worldgen/feature/SwampSurfaceFeature.java
R100	common/src/main/java/raccoonman/reterraforged/world/worldgen/feature/chance/BiomeEdgeChanceModifier.java	src/main/java/raccoonman/reterraforged/world/worldgen/feature/chance/BiomeEdgeChanceModifier.java
R100	common/src/main/java/raccoonman/reterraforged/world/worldgen/feature/chance/ChanceContext.java	src/main/java/raccoonman/reterraforged/world/worldgen/feature/chance/ChanceContext.java
R100	common/src/main/java/raccoonman/reterraforged/world/worldgen/feature/chance/ChanceFeature.java	src/main/java/raccoonman/reterraforged/world/worldgen/feature/chance/ChanceFeature.java
R100	common/src/main/java/raccoonman/reterraforged/world/worldgen/feature/chance/ChanceModifier.java	src/main/java/raccoonman/reterraforged/world/worldgen/feature/chance/ChanceModifier.java
R100	common/src/main/java/raccoonman/reterraforged/world/worldgen/feature/chance/ElevationChanceModifier.java	src/main/java/raccoonman/reterraforged/world/worldgen/feature/chance/ElevationChanceModifier.java
R100	common/src/main/java/raccoonman/reterraforged/world/worldgen/feature/chance/RTFChanceModifiers.java	src/main/java/raccoonman/reterraforged/world/worldgen/feature/chance/RTFChanceModifiers.java
R100	common/src/main/java/raccoonman/reterraforged/world/worldgen/feature/chance/RangeChanceModifier.java	src/main/java/raccoonman/reterraforged/world/worldgen/feature/chance/RangeChanceModifier.java
R100	common/src/main/java/raccoonman/reterraforged/world/worldgen/feature/placement/BlacklistDimensionFilter.java	src/main/java/raccoonman/reterraforged/world/worldgen/feature/placement/BlacklistDimensionFilter.java
R100	common/src/main/java/raccoonman/reterraforged/world/worldgen/feature/placement/LegacyCountExtraModifier.java	src/main/java/raccoonman/reterraforged/world/worldgen/feature/placement/LegacyCountExtraModifier.java
R100	common/src/main/java/raccoonman/reterraforged/world/worldgen/feature/placement/RTFPlacementModifiers.java	src/main/java/raccoonman/reterraforged/world/worldgen/feature/placement/RTFPlacementModifiers.java
R100	common/src/main/java/raccoonman/reterraforged/world/worldgen/feature/placement/poisson/BiomeVariance.java	src/main/java/raccoonman/reterraforged/world/worldgen/feature/placement/poisson/BiomeVariance.java
R100	common/src/main/java/raccoonman/reterraforged/world/worldgen/feature/placement/poisson/DensityNoise.java	src/main/java/raccoonman/reterraforged/world/worldgen/feature/placement/poisson/DensityNoise.java
R100	common/src/main/java/raccoonman/reterraforged/world/worldgen/feature/placement/poisson/FastPoisson.java	src/main/java/raccoonman/reterraforged/world/worldgen/feature/placement/poisson/FastPoisson.java
R100	common/src/main/java/raccoonman/reterraforged/world/worldgen/feature/placement/poisson/FastPoissonContext.java	src/main/java/raccoonman/reterraforged/world/worldgen/feature/placement/poisson/FastPoissonContext.java
R100	common/src/main/java/raccoonman/reterraforged/world/worldgen/feature/placement/poisson/FastPoissonModifier.java	src/main/java/raccoonman/reterraforged/world/worldgen/feature/placement/poisson/FastPoissonModifier.java
R100	common/src/main/java/raccoonman/reterraforged/world/worldgen/feature/placement/poisson/LongIterSet.java	src/main/java/raccoonman/reterraforged/world/worldgen/feature/placement/poisson/LongIterSet.java
R100	common/src/main/java/raccoonman/reterraforged/world/worldgen/feature/template/BlockUtils.java	src/main/java/raccoonman/reterraforged/world/worldgen/feature/template/BlockUtils.java
R100	common/src/main/java/raccoonman/reterraforged/world/worldgen/feature/template/StructureUtils.java	src/main/java/raccoonman/reterraforged/world/worldgen/feature/template/StructureUtils.java
R100	common/src/main/java/raccoonman/reterraforged/world/worldgen/feature/template/TemplateFeature.java	src/main/java/raccoonman/reterraforged/world/worldgen/feature/template/TemplateFeature.java
R100	common/src/main/java/raccoonman/reterraforged/world/worldgen/feature/template/buffer/BufferBitSet.java	src/main/java/raccoonman/reterraforged/world/worldgen/feature/template/buffer/BufferBitSet.java
R100	common/src/main/java/raccoonman/reterraforged/world/worldgen/feature/template/buffer/BufferIterator.java	src/main/java/raccoonman/reterraforged/world/worldgen/feature/template/buffer/BufferIterator.java
R100	common/src/main/java/raccoonman/reterraforged/world/worldgen/feature/template/buffer/PasteBuffer.java	src/main/java/raccoonman/reterraforged/world/worldgen/feature/template/buffer/PasteBuffer.java
R100	common/src/main/java/raccoonman/reterraforged/world/worldgen/feature/template/buffer/TemplateBuffer.java	src/main/java/raccoonman/reterraforged/world/worldgen/feature/template/buffer/TemplateBuffer.java
R100	common/src/main/java/raccoonman/reterraforged/world/worldgen/feature/template/decorator/DecoratorConfig.java	src/main/java/raccoonman/reterraforged/world/worldgen/feature/template/decorator/DecoratorConfig.java
R100	common/src/main/java/raccoonman/reterraforged/world/worldgen/feature/template/decorator/TemplateDecorator.java	src/main/java/raccoonman/reterraforged/world/worldgen/feature/template/decorator/TemplateDecorator.java
R100	common/src/main/java/raccoonman/reterraforged/world/worldgen/feature/template/decorator/TemplateDecorators.java	src/main/java/raccoonman/reterraforged/world/worldgen/feature/template/decorator/TemplateDecorators.java
R100	common/src/main/java/raccoonman/reterraforged/world/worldgen/feature/template/decorator/TreeContext.java	src/main/java/raccoonman/reterraforged/world/worldgen/feature/template/decorator/TreeContext.java
R100	common/src/main/java/raccoonman/reterraforged/world/worldgen/feature/template/decorator/TreeDecorator.java	src/main/java/raccoonman/reterraforged/world/worldgen/feature/template/decorator/TreeDecorator.java
R100	common/src/main/java/raccoonman/reterraforged/world/worldgen/feature/template/paste/Paste.java	src/main/java/raccoonman/reterraforged/world/worldgen/feature/template/paste/Paste.java
R100	common/src/main/java/raccoonman/reterraforged/world/worldgen/feature/template/paste/PasteConfig.java	src/main/java/raccoonman/reterraforged/world/worldgen/feature/template/paste/PasteConfig.java
R100	common/src/main/java/raccoonman/reterraforged/world/worldgen/feature/template/paste/PasteType.java	src/main/java/raccoonman/reterraforged/world/worldgen/feature/template/paste/PasteType.java
R100	common/src/main/java/raccoonman/reterraforged/world/worldgen/feature/template/placement/AnyPlacement.java	src/main/java/raccoonman/reterraforged/world/worldgen/feature/template/placement/AnyPlacement.java
R100	common/src/main/java/raccoonman/reterraforged/world/worldgen/feature/template/placement/TemplatePlacement.java	src/main/java/raccoonman/reterraforged/world/worldgen/feature/template/placement/TemplatePlacement.java
R100	common/src/main/java/raccoonman/reterraforged/world/worldgen/feature/template/placement/TemplatePlacements.java	src/main/java/raccoonman/reterraforged/world/worldgen/feature/template/placement/TemplatePlacements.java
R100	common/src/main/java/raccoonman/reterraforged/world/worldgen/feature/template/placement/TreePlacement.java	src/main/java/raccoonman/reterraforged/world/worldgen/feature/template/placement/TreePlacement.java
R100	common/src/main/java/raccoonman/reterraforged/world/worldgen/feature/template/template/BakedDimensions.java	src/main/java/raccoonman/reterraforged/world/worldgen/feature/template/template/BakedDimensions.java
R100	common/src/main/java/raccoonman/reterraforged/world/worldgen/feature/template/template/BakedTemplate.java	src/main/java/raccoonman/reterraforged/world/worldgen/feature/template/template/BakedTemplate.java
R100	common/src/main/java/raccoonman/reterraforged/world/worldgen/feature/template/template/BakedTransform.java	src/main/java/raccoonman/reterraforged/world/worldgen/feature/template/template/BakedTransform.java
R100	common/src/main/java/raccoonman/reterraforged/world/worldgen/feature/template/template/BlockInfo.java	src/main/java/raccoonman/reterraforged/world/worldgen/feature/template/template/BlockInfo.java
R100	common/src/main/java/raccoonman/reterraforged/world/worldgen/feature/template/template/Dimensions.java	src/main/java/raccoonman/reterraforged/world/worldgen/feature/template/template/Dimensions.java
R100	common/src/main/java/raccoonman/reterraforged/world/worldgen/feature/template/template/FeatureTemplate.java	src/main/java/raccoonman/reterraforged/world/worldgen/feature/template/template/FeatureTemplate.java
R100	common/src/main/java/raccoonman/reterraforged/world/worldgen/feature/template/template/FeatureTemplateManager.java	src/main/java/raccoonman/reterraforged/world/worldgen/feature/template/template/FeatureTemplateManager.java
R100	common/src/main/java/raccoonman/reterraforged/world/worldgen/feature/template/template/NoopTemplateContext.java	src/main/java/raccoonman/reterraforged/world/worldgen/feature/template/template/NoopTemplateContext.java
R100	common/src/main/java/raccoonman/reterraforged/world/worldgen/feature/template/template/TemplateContext.java	src/main/java/raccoonman/reterraforged/world/worldgen/feature/template/template/TemplateContext.java
R100	common/src/main/java/raccoonman/reterraforged/world/worldgen/feature/template/template/TemplateRegion.java	src/main/java/raccoonman/reterraforged/world/worldgen/feature/template/template/TemplateRegion.java
R100	common/src/main/java/raccoonman/reterraforged/world/worldgen/feature/util/BlockReader.java	src/main/java/raccoonman/reterraforged/world/worldgen/feature/util/BlockReader.java
R100	common/src/main/java/raccoonman/reterraforged/world/worldgen/feature/util/Range.java	src/main/java/raccoonman/reterraforged/world/worldgen/feature/util/Range.java
R100	common/src/main/java/raccoonman/reterraforged/world/worldgen/floatproviders/LegacyCanyonYScale.java	src/main/java/raccoonman/reterraforged/world/worldgen/floatproviders/LegacyCanyonYScale.java
R100	common/src/main/java/raccoonman/reterraforged/world/worldgen/floatproviders/RTFFloatProviderTypes.java	src/main/java/raccoonman/reterraforged/world/worldgen/floatproviders/RTFFloatProviderTypes.java
R100	common/src/main/java/raccoonman/reterraforged/world/worldgen/heightproviders/LegacyCarverHeight.java	src/main/java/raccoonman/reterraforged/world/worldgen/heightproviders/LegacyCarverHeight.java
R100	common/src/main/java/raccoonman/reterraforged/world/worldgen/heightproviders/RTFHeightProviderTypes.java	src/main/java/raccoonman/reterraforged/world/worldgen/heightproviders/RTFHeightProviderTypes.java
R100	common/src/main/java/raccoonman/reterraforged/world/worldgen/noise/NoiseUtil.java	src/main/java/raccoonman/reterraforged/world/worldgen/noise/NoiseUtil.java
R100	common/src/main/java/raccoonman/reterraforged/world/worldgen/noise/domain/AddWarp.java	src/main/java/raccoonman/reterraforged/world/worldgen/noise/domain/AddWarp.java
R100	common/src/main/java/raccoonman/reterraforged/world/worldgen/noise/domain/CompoundWarp.java	src/main/java/raccoonman/reterraforged/world/worldgen/noise/domain/CompoundWarp.java
R100	common/src/main/java/raccoonman/reterraforged/world/worldgen/noise/domain/DirectWarp.java	src/main/java/raccoonman/reterraforged/world/worldgen/noise/domain/DirectWarp.java
R100	common/src/main/java/raccoonman/reterraforged/world/worldgen/noise/domain/DirectionWarp.java	src/main/java/raccoonman/reterraforged/world/worldgen/noise/domain/DirectionWarp.java
R100	common/src/main/java/raccoonman/reterraforged/world/worldgen/noise/domain/Domain.java	src/main/java/raccoonman/reterraforged/world/worldgen/noise/domain/Domain.java
R100	common/src/main/java/raccoonman/reterraforged/world/worldgen/noise/domain/DomainWarp.java	src/main/java/raccoonman/reterraforged/world/worldgen/noise/domain/DomainWarp.java
R100	common/src/main/java/raccoonman/reterraforged/world/worldgen/noise/domain/Domains.java	src/main/java/raccoonman/reterraforged/world/worldgen/noise/domain/Domains.java
R100	common/src/main/java/raccoonman/reterraforged/world/worldgen/noise/function/CellFunction.java	src/main/java/raccoonman/reterraforged/world/worldgen/noise/function/CellFunction.java
R100	common/src/main/java/raccoonman/reterraforged/world/worldgen/noise/function/CurveFunction.java	src/main/java/raccoonman/reterraforged/world/worldgen/noise/function/CurveFunction.java
R100	common/src/main/java/raccoonman/reterraforged/world/worldgen/noise/function/CurveFunctions.java	src/main/java/raccoonman/reterraforged/world/worldgen/noise/function/CurveFunctions.java
R100	common/src/main/java/raccoonman/reterraforged/world/worldgen/noise/function/DistanceFunction.java	src/main/java/raccoonman/reterraforged/world/worldgen/noise/function/DistanceFunction.java
R100	common/src/main/java/raccoonman/reterraforged/world/worldgen/noise/function/EdgeFunction.java	src/main/java/raccoonman/reterraforged/world/worldgen/noise/function/EdgeFunction.java
R100	common/src/main/java/raccoonman/reterraforged/world/worldgen/noise/function/Interpolation.java	src/main/java/raccoonman/reterraforged/world/worldgen/noise/function/Interpolation.java
R100	common/src/main/java/raccoonman/reterraforged/world/worldgen/noise/function/SCurveFunction.java	src/main/java/raccoonman/reterraforged/world/worldgen/noise/function/SCurveFunction.java
R100	common/src/main/java/raccoonman/reterraforged/world/worldgen/noise/module/Abs.java	src/main/java/raccoonman/reterraforged/world/worldgen/noise/module/Abs.java
R100	common/src/main/java/raccoonman/reterraforged/world/worldgen/noise/module/Add.java	src/main/java/raccoonman/reterraforged/world/worldgen/noise/module/Add.java
R100	common/src/main/java/raccoonman/reterraforged/world/worldgen/noise/module/AdvancedTerrace.java	src/main/java/raccoonman/reterraforged/world/worldgen/noise/module/AdvancedTerrace.java
R100	common/src/main/java/raccoonman/reterraforged/world/worldgen/noise/module/Alpha.java	src/main/java/raccoonman/reterraforged/world/worldgen/noise/module/Alpha.java
R100	common/src/main/java/raccoonman/reterraforged/world/worldgen/noise/module/Billow.java	src/main/java/raccoonman/reterraforged/world/worldgen/noise/module/Billow.java
R100	common/src/main/java/raccoonman/reterraforged/world/worldgen/noise/module/Blend.java	src/main/java/raccoonman/reterraforged/world/worldgen/noise/module/Blend.java
R100	common/src/main/java/raccoonman/reterraforged/world/worldgen/noise/module/Boost.java	src/main/java/raccoonman/reterraforged/world/worldgen/noise/module/Boost.java
R100	common/src/main/java/raccoonman/reterraforged/world/worldgen/noise/module/Cache2d.java	src/main/java/raccoonman/reterraforged/world/worldgen/noise/module/Cache2d.java
R100	common/src/main/java/raccoonman/reterraforged/world/worldgen/noise/module/Clamp.java	src/main/java/raccoonman/reterraforged/world/worldgen/noise/module/Clamp.java
R100	common/src/main/java/raccoonman/reterraforged/world/worldgen/noise/module/Constant.java	src/main/java/raccoonman/reterraforged/world/worldgen/noise/module/Constant.java
R100	common/src/main/java/raccoonman/reterraforged/world/worldgen/noise/module/Cubic.java	src/main/java/raccoonman/reterraforged/world/worldgen/noise/module/Cubic.java
R100	common/src/main/java/raccoonman/reterraforged/world/worldgen/noise/module/Curve.java	src/main/java/raccoonman/reterraforged/world/worldgen/noise/module/Curve.java
R100	common/src/main/java/raccoonman/reterraforged/world/worldgen/noise/module/Erosion.java	src/main/java/raccoonman/reterraforged/world/worldgen/noise/module/Erosion.java
R100	common/src/main/java/raccoonman/reterraforged/world/worldgen/noise/module/Frequency.java	src/main/java/raccoonman/reterraforged/world/worldgen/noise/module/Frequency.java
R100	common/src/main/java/raccoonman/reterraforged/world/worldgen/noise/module/Gradient.java	src/main/java/raccoonman/reterraforged/world/worldgen/noise/module/Gradient.java
R100	common/src/main/java/raccoonman/reterraforged/world/worldgen/noise/module/Invert.java	src/main/java/raccoonman/reterraforged/world/worldgen/noise/module/Invert.java
R100	common/src/main/java/raccoonman/reterraforged/world/worldgen/noise/module/LegacyMoisture.java	src/main/java/raccoonman/reterraforged/world/worldgen/noise/module/LegacyMoisture.java
R100	common/src/main/java/raccoonman/reterraforged/world/worldgen/noise/module/LegacyTemperature.java	src/main/java/raccoonman/reterraforged/world/worldgen/noise/module/LegacyTemperature.java
R100	common/src/main/java/raccoonman/reterraforged/world/worldgen/noise/module/Line.java	src/main/java/raccoonman/reterraforged/world/worldgen/noise/module/Line.java
R100	common/src/main/java/raccoonman/reterraforged/world/worldgen/noise/module/LinearSpline.java	src/main/java/raccoonman/reterraforged/world/worldgen/noise/module/LinearSpline.java
R100	common/src/main/java/raccoonman/reterraforged/world/worldgen/noise/module/Map.java	src/main/java/raccoonman/reterraforged/world/worldgen/noise/module/Map.java
R100	common/src/main/java/raccoonman/reterraforged/world/worldgen/noise/module/Max.java	src/main/java/raccoonman/reterraforged/world/worldgen/noise/module/Max.java
R100	common/src/main/java/raccoonman/reterraforged/world/worldgen/noise/module/Min.java	src/main/java/raccoonman/reterraforged/world/worldgen/noise/module/Min.java
R100	common/src/main/java/raccoonman/reterraforged/world/worldgen/noise/module/Multiply.java	src/main/java/raccoonman/reterraforged/world/worldgen/noise/module/Multiply.java
R100	common/src/main/java/raccoonman/reterraforged/world/worldgen/noise/module/Noise.java	src/main/java/raccoonman/reterraforged/world/worldgen/noise/module/Noise.java
R100	common/src/main/java/raccoonman/reterraforged/world/worldgen/noise/module/Noises.java	src/main/java/raccoonman/reterraforged/world/worldgen/noise/module/Noises.java
R100	common/src/main/java/raccoonman/reterraforged/world/worldgen/noise/module/Perlin.java	src/main/java/raccoonman/reterraforged/world/worldgen/noise/module/Perlin.java
R100	common/src/main/java/raccoonman/reterraforged/world/worldgen/noise/module/Perlin2.java	src/main/java/raccoonman/reterraforged/world/worldgen/noise/module/Perlin2.java
R100	common/src/main/java/raccoonman/reterraforged/world/worldgen/noise/module/PerlinRidge.java	src/main/java/raccoonman/reterraforged/world/worldgen/noise/module/PerlinRidge.java
R100	common/src/main/java/raccoonman/reterraforged/world/worldgen/noise/module/Power.java	src/main/java/raccoonman/reterraforged/world/worldgen/noise/module/Power.java
R100	common/src/main/java/raccoonman/reterraforged/world/worldgen/noise/module/PowerCurve.java	src/main/java/raccoonman/reterraforged/world/worldgen/noise/module/PowerCurve.java
R100	common/src/main/java/raccoonman/reterraforged/world/worldgen/noise/module/ShiftSeed.java	src/main/java/raccoonman/reterraforged/world/worldgen/noise/module/ShiftSeed.java
R100	common/src/main/java/raccoonman/reterraforged/world/worldgen/noise/module/Simplex.java	src/main/java/raccoonman/reterraforged/world/worldgen/noise/module/Simplex.java
R100	common/src/main/java/raccoonman/reterraforged/world/worldgen/noise/module/Simplex2.java	src/main/java/raccoonman/reterraforged/world/worldgen/noise/module/Simplex2.java
R100	common/src/main/java/raccoonman/reterraforged/world/worldgen/noise/module/SimplexRidge.java	src/main/java/raccoonman/reterraforged/world/worldgen/noise/module/SimplexRidge.java
R100	common/src/main/java/raccoonman/reterraforged/world/worldgen/noise/module/Sin.java	src/main/java/raccoonman/reterraforged/world/worldgen/noise/module/Sin.java
R100	common/src/main/java/raccoonman/reterraforged/world/worldgen/noise/module/Steps.java	src/main/java/raccoonman/reterraforged/world/worldgen/noise/module/Steps.java
R100	common/src/main/java/raccoonman/reterraforged/world/worldgen/noise/module/Terrace.java	src/main/java/raccoonman/reterraforged/world/worldgen/noise/module/Terrace.java
R100	common/src/main/java/raccoonman/reterraforged/world/worldgen/noise/module/Threshold.java	src/main/java/raccoonman/reterraforged/world/worldgen/noise/module/Threshold.java
R100	common/src/main/java/raccoonman/reterraforged/world/worldgen/noise/module/Warp.java	src/main/java/raccoonman/reterraforged/world/worldgen/noise/module/Warp.java
R100	common/src/main/java/raccoonman/reterraforged/world/worldgen/noise/module/White.java	src/main/java/raccoonman/reterraforged/world/worldgen/noise/module/White.java
R100	common/src/main/java/raccoonman/reterraforged/world/worldgen/noise/module/Worley.java	src/main/java/raccoonman/reterraforged/world/worldgen/noise/module/Worley.java
R100	common/src/main/java/raccoonman/reterraforged/world/worldgen/noise/module/WorleyEdge.java	src/main/java/raccoonman/reterraforged/world/worldgen/noise/module/WorleyEdge.java
R100	common/src/main/java/raccoonman/reterraforged/world/worldgen/structure/rule/CellTest.java	src/main/java/raccoonman/reterraforged/world/worldgen/structure/rule/CellTest.java
R100	common/src/main/java/raccoonman/reterraforged/world/worldgen/structure/rule/StructureRule.java	src/main/java/raccoonman/reterraforged/world/worldgen/structure/rule/StructureRule.java
R100	common/src/main/java/raccoonman/reterraforged/world/worldgen/structure/rule/StructureRules.java	src/main/java/raccoonman/reterraforged/world/worldgen/structure/rule/StructureRules.java
R100	common/src/main/java/raccoonman/reterraforged/world/worldgen/surface/RTFSurfaceSystem.java	src/main/java/raccoonman/reterraforged/world/worldgen/surface/RTFSurfaceSystem.java
R100	common/src/main/java/raccoonman/reterraforged/world/worldgen/surface/rule/RTFSurfaceRules.java	src/main/java/raccoonman/reterraforged/world/worldgen/surface/rule/RTFSurfaceRules.java
R100	common/src/main/java/raccoonman/reterraforged/world/worldgen/surface/rule/StrataRule.java	src/main/java/raccoonman/reterraforged/world/worldgen/surface/rule/StrataRule.java
R100	common/src/main/java/raccoonman/reterraforged/world/worldgen/terrablender/TBClimateSampler.java	src/main/java/raccoonman/reterraforged/world/worldgen/terrablender/TBClimateSampler.java
R100	common/src/main/java/raccoonman/reterraforged/world/worldgen/terrablender/TBCompat.java	src/main/java/raccoonman/reterraforged/world/worldgen/terrablender/TBCompat.java
R100	common/src/main/java/raccoonman/reterraforged/world/worldgen/terrablender/TBTargetPoint.java	src/main/java/raccoonman/reterraforged/world/worldgen/terrablender/TBTargetPoint.java
R100	common/src/main/java/raccoonman/reterraforged/world/worldgen/util/Boundsf.java	src/main/java/raccoonman/reterraforged/world/worldgen/util/Boundsf.java
R100	common/src/main/java/raccoonman/reterraforged/world/worldgen/util/FastRandom.java	src/main/java/raccoonman/reterraforged/world/worldgen/util/FastRandom.java
R100	common/src/main/java/raccoonman/reterraforged/world/worldgen/util/PosUtil.java	src/main/java/raccoonman/reterraforged/world/worldgen/util/PosUtil.java
R100	common/src/main/java/raccoonman/reterraforged/world/worldgen/util/Scaling.java	src/main/java/raccoonman/reterraforged/world/worldgen/util/Scaling.java
R100	common/src/main/java/raccoonman/reterraforged/world/worldgen/util/Seed.java	src/main/java/raccoonman/reterraforged/world/worldgen/util/Seed.java
R100	common/src/main/java/raccoonman/reterraforged/world/worldgen/util/Variance.java	src/main/java/raccoonman/reterraforged/world/worldgen/util/Variance.java
A	src/main/resources/META-INF/accesstransformer.cfg
R100	forge/src/main/resources/META-INF/mods.toml	src/main/resources/META-INF/mods.toml
R100	common/src/main/resources/biomes.png	src/main/resources/biomes.png
R100	common/src/main/resources/biomes.txt	src/main/resources/biomes.txt
R100	common/src/main/resources/data/reterraforged/structures/mushrooms/brown/brown_mushroom_1.nbt	src/main/resources/data/reterraforged/structures/mushrooms/brown/brown_mushroom_1.nbt
R100	common/src/main/resources/data/reterraforged/structures/mushrooms/brown/brown_mushroom_2.nbt	src/main/resources/data/reterraforged/structures/mushrooms/brown/brown_mushroom_2.nbt
R100	common/src/main/resources/data/reterraforged/structures/mushrooms/brown/brown_mushroom_3.nbt	src/main/resources/data/reterraforged/structures/mushrooms/brown/brown_mushroom_3.nbt
R100	common/src/main/resources/data/reterraforged/structures/mushrooms/brown/brown_mushroom_4.nbt	src/main/resources/data/reterraforged/structures/mushrooms/brown/brown_mushroom_4.nbt
R100	common/src/main/resources/data/reterraforged/structures/mushrooms/brown/brown_mushroom_5.nbt	src/main/resources/data/reterraforged/structures/mushrooms/brown/brown_mushroom_5.nbt
R100	common/src/main/resources/data/reterraforged/structures/mushrooms/brown/brown_mushroom_6.nbt	src/main/resources/data/reterraforged/structures/mushrooms/brown/brown_mushroom_6.nbt
R100	common/src/main/resources/data/reterraforged/structures/mushrooms/brown/brown_mushroom_7.nbt	src/main/resources/data/reterraforged/structures/mushrooms/brown/brown_mushroom_7.nbt
R100	common/src/main/resources/data/reterraforged/structures/mushrooms/red/red_mushroom_1.nbt	src/main/resources/data/reterraforged/structures/mushrooms/red/red_mushroom_1.nbt
R100	common/src/main/resources/data/reterraforged/structures/mushrooms/red/red_mushroom_2.nbt	src/main/resources/data/reterraforged/structures/mushrooms/red/red_mushroom_2.nbt
R100	common/src/main/resources/data/reterraforged/structures/mushrooms/red/red_mushroom_3.nbt	src/main/resources/data/reterraforged/structures/mushrooms/red/red_mushroom_3.nbt
R100	common/src/main/resources/data/reterraforged/structures/mushrooms/red/red_mushroom_4.nbt	src/main/resources/data/reterraforged/structures/mushrooms/red/red_mushroom_4.nbt
R100	common/src/main/resources/data/reterraforged/structures/mushrooms/red/red_mushroom_5.nbt	src/main/resources/data/reterraforged/structures/mushrooms/red/red_mushroom_5.nbt
R100	common/src/main/resources/data/reterraforged/structures/trees/acacia/bush/acacia_bush_1.nbt	src/main/resources/data/reterraforged/structures/trees/acacia/bush/acacia_bush_1.nbt
R100	common/src/main/resources/data/reterraforged/structures/trees/acacia/bush/acacia_bush_2.nbt	src/main/resources/data/reterraforged/structures/trees/acacia/bush/acacia_bush_2.nbt
R100	common/src/main/resources/data/reterraforged/structures/trees/acacia/large/acacia_1.nbt	src/main/resources/data/reterraforged/structures/trees/acacia/large/acacia_1.nbt
R100	common/src/main/resources/data/reterraforged/structures/trees/acacia/large/acacia_2.nbt	src/main/resources/data/reterraforged/structures/trees/acacia/large/acacia_2.nbt
R100	common/src/main/resources/data/reterraforged/structures/trees/acacia/small/acacia_small_1.nbt	src/main/resources/data/reterraforged/structures/trees/acacia/small/acacia_small_1.nbt
R100	common/src/main/resources/data/reterraforged/structures/trees/acacia/small/acacia_small_2.nbt	src/main/resources/data/reterraforged/structures/trees/acacia/small/acacia_small_2.nbt
R100	common/src/main/resources/data/reterraforged/structures/trees/birch/forest/forest_birch_1.nbt	src/main/resources/data/reterraforged/structures/trees/birch/forest/forest_birch_1.nbt
R100	common/src/main/resources/data/reterraforged/structures/trees/birch/forest/forest_birch_2.nbt	src/main/resources/data/reterraforged/structures/trees/birch/forest/forest_birch_2.nbt
R100	common/src/main/resources/data/reterraforged/structures/trees/birch/forest/forest_birch_3.nbt	src/main/resources/data/reterraforged/structures/trees/birch/forest/forest_birch_3.nbt
R100	common/src/main/resources/data/reterraforged/structures/trees/birch/forest/forest_birch_4.nbt	src/main/resources/data/reterraforged/structures/trees/birch/forest/forest_birch_4.nbt
R100	common/src/main/resources/data/reterraforged/structures/trees/birch/large/birch_1.nbt	src/main/resources/data/reterraforged/structures/trees/birch/large/birch_1.nbt
R100	common/src/main/resources/data/reterraforged/structures/trees/birch/large/birch_2.nbt	src/main/resources/data/reterraforged/structures/trees/birch/large/birch_2.nbt
R100	common/src/main/resources/data/reterraforged/structures/trees/birch/large/birch_3.nbt	src/main/resources/data/reterraforged/structures/trees/birch/large/birch_3.nbt
R100	common/src/main/resources/data/reterraforged/structures/trees/birch/small/birch_bush_1.nbt	src/main/resources/data/reterraforged/structures/trees/birch/small/birch_bush_1.nbt
R100	common/src/main/resources/data/reterraforged/structures/trees/birch/small/birch_bush_2.nbt	src/main/resources/data/reterraforged/structures/trees/birch/small/birch_bush_2.nbt
R100	common/src/main/resources/data/reterraforged/structures/trees/birch/small/birch_small_1.nbt	src/main/resources/data/reterraforged/structures/trees/birch/small/birch_small_1.nbt
R100	common/src/main/resources/data/reterraforged/structures/trees/birch/small/birch_small_2.nbt	src/main/resources/data/reterraforged/structures/trees/birch/small/birch_small_2.nbt
R100	common/src/main/resources/data/reterraforged/structures/trees/dark_oak/large/dark_oak_tall_1.nbt	src/main/resources/data/reterraforged/structures/trees/dark_oak/large/dark_oak_tall_1.nbt
R100	common/src/main/resources/data/reterraforged/structures/trees/dark_oak/large/dark_oak_tall_2.nbt	src/main/resources/data/reterraforged/structures/trees/dark_oak/large/dark_oak_tall_2.nbt
R100	common/src/main/resources/data/reterraforged/structures/trees/dark_oak/large/dark_oak_tall_3.nbt	src/main/resources/data/reterraforged/structures/trees/dark_oak/large/dark_oak_tall_3.nbt
R100	common/src/main/resources/data/reterraforged/structures/trees/dark_oak/large/dark_oak_tall_4.nbt	src/main/resources/data/reterraforged/structures/trees/dark_oak/large/dark_oak_tall_4.nbt
R100	common/src/main/resources/data/reterraforged/structures/trees/dark_oak/large/dark_oak_tall_5.nbt	src/main/resources/data/reterraforged/structures/trees/dark_oak/large/dark_oak_tall_5.nbt
R100	common/src/main/resources/data/reterraforged/structures/trees/dark_oak/small/dark_oak_1.nbt	src/main/resources/data/reterraforged/structures/trees/dark_oak/small/dark_oak_1.nbt
R100	common/src/main/resources/data/reterraforged/structures/trees/dark_oak/small/dark_oak_2.nbt	src/main/resources/data/reterraforged/structures/trees/dark_oak/small/dark_oak_2.nbt
R100	common/src/main/resources/data/reterraforged/structures/trees/dark_oak/small/dark_oak_3.nbt	src/main/resources/data/reterraforged/structures/trees/dark_oak/small/dark_oak_3.nbt
R100	common/src/main/resources/data/reterraforged/structures/trees/dark_oak/small/dark_oak_bush_1.nbt	src/main/resources/data/reterraforged/structures/trees/dark_oak/small/dark_oak_bush_1.nbt
R100	common/src/main/resources/data/reterraforged/structures/trees/dark_oak/small/dark_oak_bush_2.nbt	src/main/resources/data/reterraforged/structures/trees/dark_oak/small/dark_oak_bush_2.nbt
R100	common/src/main/resources/data/reterraforged/structures/trees/jungle/huge/jungle_massive_1.nbt	src/main/resources/data/reterraforged/structures/trees/jungle/huge/jungle_massive_1.nbt
R100	common/src/main/resources/data/reterraforged/structures/trees/jungle/huge/jungle_massive_2.nbt	src/main/resources/data/reterraforged/structures/trees/jungle/huge/jungle_massive_2.nbt
R100	common/src/main/resources/data/reterraforged/structures/trees/jungle/huge/jungle_massive_3.nbt	src/main/resources/data/reterraforged/structures/trees/jungle/huge/jungle_massive_3.nbt
R100	common/src/main/resources/data/reterraforged/structures/trees/jungle/huge/jungle_massive_4.nbt	src/main/resources/data/reterraforged/structures/trees/jungle/huge/jungle_massive_4.nbt
R100	common/src/main/resources/data/reterraforged/structures/trees/jungle/huge/jungle_massive_5.nbt	src/main/resources/data/reterraforged/structures/trees/jungle/huge/jungle_massive_5.nbt
R100	common/src/main/resources/data/reterraforged/structures/trees/jungle/huge/jungle_massive_6.nbt	src/main/resources/data/reterraforged/structures/trees/jungle/huge/jungle_massive_6.nbt
R100	common/src/main/resources/data/reterraforged/structures/trees/jungle/large/jungle_tall_1.nbt	src/main/resources/data/reterraforged/structures/trees/jungle/large/jungle_tall_1.nbt
R100	common/src/main/resources/data/reterraforged/structures/trees/jungle/large/jungle_tall_2.nbt	src/main/resources/data/reterraforged/structures/trees/jungle/large/jungle_tall_2.nbt
R100	common/src/main/resources/data/reterraforged/structures/trees/jungle/large/jungle_tall_3.nbt	src/main/resources/data/reterraforged/structures/trees/jungle/large/jungle_tall_3.nbt
R100	common/src/main/resources/data/reterraforged/structures/trees/jungle/large/jungle_tall_4.nbt	src/main/resources/data/reterraforged/structures/trees/jungle/large/jungle_tall_4.nbt
R100	common/src/main/resources/data/reterraforged/structures/trees/jungle/small/jungle_small_1.nbt	src/main/resources/data/reterraforged/structures/trees/jungle/small/jungle_small_1.nbt
R100	common/src/main/resources/data/reterraforged/structures/trees/jungle/small/jungle_small_2.nbt	src/main/resources/data/reterraforged/structures/trees/jungle/small/jungle_small_2.nbt
R100	common/src/main/resources/data/reterraforged/structures/trees/jungle/small/jungle_small_3.nbt	src/main/resources/data/reterraforged/structures/trees/jungle/small/jungle_small_3.nbt
R100	common/src/main/resources/data/reterraforged/structures/trees/oak/forest/forest_oak_1.nbt	src/main/resources/data/reterraforged/structures/trees/oak/forest/forest_oak_1.nbt
R100	common/src/main/resources/data/reterraforged/structures/trees/oak/forest/forest_oak_2.nbt	src/main/resources/data/reterraforged/structures/trees/oak/forest/forest_oak_2.nbt
R100	common/src/main/resources/data/reterraforged/structures/trees/oak/huge/oak_big_1.nbt	src/main/resources/data/reterraforged/structures/trees/oak/huge/oak_big_1.nbt
R100	common/src/main/resources/data/reterraforged/structures/trees/oak/huge/oak_big_2.nbt	src/main/resources/data/reterraforged/structures/trees/oak/huge/oak_big_2.nbt
R100	common/src/main/resources/data/reterraforged/structures/trees/oak/large/oak_1.nbt	src/main/resources/data/reterraforged/structures/trees/oak/large/oak_1.nbt
R100	common/src/main/resources/data/reterraforged/structures/trees/oak/large/oak_2.nbt	src/main/resources/data/reterraforged/structures/trees/oak/large/oak_2.nbt
R100	common/src/main/resources/data/reterraforged/structures/trees/oak/large/oak_3.nbt	src/main/resources/data/reterraforged/structures/trees/oak/large/oak_3.nbt
R100	common/src/main/resources/data/reterraforged/structures/trees/oak/large/oak_4.nbt	src/main/resources/data/reterraforged/structures/trees/oak/large/oak_4.nbt
R100	common/src/main/resources/data/reterraforged/structures/trees/oak/large/oak_5.nbt	src/main/resources/data/reterraforged/structures/trees/oak/large/oak_5.nbt
R100	common/src/main/resources/data/reterraforged/structures/trees/oak/small/oak_bush_1.nbt	src/main/resources/data/reterraforged/structures/trees/oak/small/oak_bush_1.nbt
R100	common/src/main/resources/data/reterraforged/structures/trees/oak/small/oak_bush_2.nbt	src/main/resources/data/reterraforged/structures/trees/oak/small/oak_bush_2.nbt
R100	common/src/main/resources/data/reterraforged/structures/trees/oak/small/oak_small_1.nbt	src/main/resources/data/reterraforged/structures/trees/oak/small/oak_small_1.nbt
R100	common/src/main/resources/data/reterraforged/structures/trees/oak/small/oak_small_2.nbt	src/main/resources/data/reterraforged/structures/trees/oak/small/oak_small_2.nbt
R100	common/src/main/resources/data/reterraforged/structures/trees/oak/small/oak_small_3.nbt	src/main/resources/data/reterraforged/structures/trees/oak/small/oak_small_3.nbt
R100	common/src/main/resources/data/reterraforged/structures/trees/oak/small/oak_small_4.nbt	src/main/resources/data/reterraforged/structures/trees/oak/small/oak_small_4.nbt
R100	common/src/main/resources/data/reterraforged/structures/trees/pine/huangshan_pine_1.nbt	src/main/resources/data/reterraforged/structures/trees/pine/huangshan_pine_1.nbt
R100	common/src/main/resources/data/reterraforged/structures/trees/pine/huangshan_pine_2.nbt	src/main/resources/data/reterraforged/structures/trees/pine/huangshan_pine_2.nbt
R100	common/src/main/resources/data/reterraforged/structures/trees/pine/huangshan_pine_3.nbt	src/main/resources/data/reterraforged/structures/trees/pine/huangshan_pine_3.nbt
R100	common/src/main/resources/data/reterraforged/structures/trees/pine/scots_pine_1.nbt	src/main/resources/data/reterraforged/structures/trees/pine/scots_pine_1.nbt
R100	common/src/main/resources/data/reterraforged/structures/trees/pine/scots_pine_2.nbt	src/main/resources/data/reterraforged/structures/trees/pine/scots_pine_2.nbt
R100	common/src/main/resources/data/reterraforged/structures/trees/pine/scots_pine_small_1.nbt	src/main/resources/data/reterraforged/structures/trees/pine/scots_pine_small_1.nbt
R100	common/src/main/resources/data/reterraforged/structures/trees/pine/scots_pine_small_2.nbt	src/main/resources/data/reterraforged/structures/trees/pine/scots_pine_small_2.nbt
R100	common/src/main/resources/data/reterraforged/structures/trees/pine/stone_pine_1.nbt	src/main/resources/data/reterraforged/structures/trees/pine/stone_pine_1.nbt
R100	common/src/main/resources/data/reterraforged/structures/trees/pine/stone_pine_2.nbt	src/main/resources/data/reterraforged/structures/trees/pine/stone_pine_2.nbt
R100	common/src/main/resources/data/reterraforged/structures/trees/redwood/huge/redwood_massive_1.nbt	src/main/resources/data/reterraforged/structures/trees/redwood/huge/redwood_massive_1.nbt
R100	common/src/main/resources/data/reterraforged/structures/trees/redwood/huge/redwood_massive_2.nbt	src/main/resources/data/reterraforged/structures/trees/redwood/huge/redwood_massive_2.nbt
R100	common/src/main/resources/data/reterraforged/structures/trees/redwood/huge/redwood_massive_3.nbt	src/main/resources/data/reterraforged/structures/trees/redwood/huge/redwood_massive_3.nbt
R100	common/src/main/resources/data/reterraforged/structures/trees/redwood/huge/redwood_massive_4.nbt	src/main/resources/data/reterraforged/structures/trees/redwood/huge/redwood_massive_4.nbt
R100	common/src/main/resources/data/reterraforged/structures/trees/redwood/huge/redwood_massive_5.nbt	src/main/resources/data/reterraforged/structures/trees/redwood/huge/redwood_massive_5.nbt
R100	common/src/main/resources/data/reterraforged/structures/trees/redwood/huge/redwood_massive_6.nbt	src/main/resources/data/reterraforged/structures/trees/redwood/huge/redwood_massive_6.nbt
R100	common/src/main/resources/data/reterraforged/structures/trees/redwood/large/redwood_tall_1.nbt	src/main/resources/data/reterraforged/structures/trees/redwood/large/redwood_tall_1.nbt
R100	common/src/main/resources/data/reterraforged/structures/trees/redwood/large/redwood_tall_2.nbt	src/main/resources/data/reterraforged/structures/trees/redwood/large/redwood_tall_2.nbt
R100	common/src/main/resources/data/reterraforged/structures/trees/redwood/large/redwood_tall_3.nbt	src/main/resources/data/reterraforged/structures/trees/redwood/large/redwood_tall_3.nbt
R100	common/src/main/resources/data/reterraforged/structures/trees/redwood/large/redwood_tall_4.nbt	src/main/resources/data/reterraforged/structures/trees/redwood/large/redwood_tall_4.nbt
R100	common/src/main/resources/data/reterraforged/structures/trees/spruce/bush/spruce_bush_1.nbt	src/main/resources/data/reterraforged/structures/trees/spruce/bush/spruce_bush_1.nbt
R100	common/src/main/resources/data/reterraforged/structures/trees/spruce/bush/spruce_bush_2.nbt	src/main/resources/data/reterraforged/structures/trees/spruce/bush/spruce_bush_2.nbt
R100	common/src/main/resources/data/reterraforged/structures/trees/spruce/large/spruce_1.nbt	src/main/resources/data/reterraforged/structures/trees/spruce/large/spruce_1.nbt
R100	common/src/main/resources/data/reterraforged/structures/trees/spruce/large/spruce_2.nbt	src/main/resources/data/reterraforged/structures/trees/spruce/large/spruce_2.nbt
R100	common/src/main/resources/data/reterraforged/structures/trees/spruce/large/spruce_3.nbt	src/main/resources/data/reterraforged/structures/trees/spruce/large/spruce_3.nbt
R100	common/src/main/resources/data/reterraforged/structures/trees/spruce/large/spruce_4.nbt	src/main/resources/data/reterraforged/structures/trees/spruce/large/spruce_4.nbt
R100	common/src/main/resources/data/reterraforged/structures/trees/spruce/large/spruce_5.nbt	src/main/resources/data/reterraforged/structures/trees/spruce/large/spruce_5.nbt
R100	common/src/main/resources/data/reterraforged/structures/trees/spruce/small/spruce_small_1.nbt	src/main/resources/data/reterraforged/structures/trees/spruce/small/spruce_small_1.nbt
R100	common/src/main/resources/data/reterraforged/structures/trees/spruce/small/spruce_small_2.nbt	src/main/resources/data/reterraforged/structures/trees/spruce/small/spruce_small_2.nbt
R100	common/src/main/resources/data/reterraforged/structures/trees/spruce/small/spruce_small_3.nbt	src/main/resources/data/reterraforged/structures/trees/spruce/small/spruce_small_3.nbt
R100	common/src/main/resources/data/reterraforged/structures/trees/spruce/small/spruce_small_4.nbt	src/main/resources/data/reterraforged/structures/trees/spruce/small/spruce_small_4.nbt
R100	common/src/main/resources/data/reterraforged/structures/trees/willow/large/weeping_willow_big_1.nbt	src/main/resources/data/reterraforged/structures/trees/willow/large/weeping_willow_big_1.nbt
R100	common/src/main/resources/data/reterraforged/structures/trees/willow/large/weeping_willow_big_2.nbt	src/main/resources/data/reterraforged/structures/trees/willow/large/weeping_willow_big_2.nbt
R100	common/src/main/resources/data/reterraforged/structures/trees/willow/small/weeping_willow_small_1.nbt	src/main/resources/data/reterraforged/structures/trees/willow/small/weeping_willow_small_1.nbt
R100	common/src/main/resources/data/reterraforged/structures/trees/willow/small/weeping_willow_small_2.nbt	src/main/resources/data/reterraforged/structures/trees/willow/small/weeping_willow_small_2.nbt
R100	fabric/src/main/resources/logo.png	src/main/resources/logo.png
R093	common/src/main/resources/reterraforged-common.mixins.json	src/main/resources/reterraforged-common.mixins.json
R086	forge/src/main/resources/reterraforged-forge.mixins.json	src/main/resources/reterraforged-forge.mixins.json
A	src/smoke/java/baseline/smoke/BaselineSmoke.java
A	src/smoke/resources/META-INF/mods.toml
A	src/smoke/resources/pack.mcmeta
