class	before_sha256	after_sha256
raccoonman/reterraforged/world/worldgen/GeneratorContext.class	730AEAE7B974BE779EA8970510F89A6B48186D5064FE22A649118CAD23BE0512	730AEAE7B974BE779EA8970510F89A6B48186D5064FE22A649118CAD23BE0512
raccoonman/reterraforged/world/worldgen/RTFRandomState.class	DA3A3209AFA61CB439C717333135456A5EFFFF83E809CD47259B2D9CA9DA0DC1	DA3A3209AFA61CB439C717333135456A5EFFFF83E809CD47259B2D9CA9DA0DC1
raccoonman/reterraforged/world/worldgen/WorldErosion$Validator.class	02ADD079903DDB4B87D068E9CA65A7AAAAA1D355F46EC7111A87881945688FB5	02ADD079903DDB4B87D068E9CA65A7AAAAA1D355F46EC7111A87881945688FB5
raccoonman/reterraforged/world/worldgen/WorldErosion.class	6710E3F33EDD0D1319EE7118539C25C037564EE638D469C4773CC0B3A832C952	6710E3F33EDD0D1319EE7118539C25C037564EE638D469C4773CC0B3A832C952
raccoonman/reterraforged/world/worldgen/WorldFilters.class	D8C5C77C51ABD663C9AA45DF2B44A67174A095BA261AE1D29025CDFAC9F42693	D8C5C77C51ABD663C9AA45DF2B44A67174A095BA261AE1D29025CDFAC9F42693
raccoonman/reterraforged/world/worldgen/biome/BiomeParameter.class	0B4D9D6E648FD9AF92B666CC719762DC940C85D3879F490B2876A2D9EAC7FCE7	0B4D9D6E648FD9AF92B666CC719762DC940C85D3879F490B2876A2D9EAC7FCE7
raccoonman/reterraforged/world/worldgen/biome/ClimateParameter.class	A4E02F59AE3737135D6C76E8423E58DE91002655D6A50F568205F856595BB459	A4E02F59AE3737135D6C76E8423E58DE91002655D6A50F568205F856595BB459
raccoonman/reterraforged/world/worldgen/biome/Continentalness.class	F5F5CFE40D340073B6A5B9B1EDC737500F508FEB79E8E2836F0E243303FD14F1	F5F5CFE40D340073B6A5B9B1EDC737500F508FEB79E8E2836F0E243303FD14F1
raccoonman/reterraforged/world/worldgen/biome/Erosion.class	B8365DA3B7A0D45E4269A8D0E22A9F4D240D8A28B721EB9496A916081804C8FC	B8365DA3B7A0D45E4269A8D0E22A9F4D240D8A28B721EB9496A916081804C8FC
raccoonman/reterraforged/world/worldgen/biome/Humidity.class	1932B9933FF7BD469C4F0ED79954C842D4AB9806D02F0D0E4D3CAB8013DBBAE9	1932B9933FF7BD469C4F0ED79954C842D4AB9806D02F0D0E4D3CAB8013DBBAE9
raccoonman/reterraforged/world/worldgen/biome/Parameter.class	FEFBC49ABA787F2582F345D161D12CA1723AE196A575F998473639A329B0F657	FEFBC49ABA787F2582F345D161D12CA1723AE196A575F998473639A329B0F657
raccoonman/reterraforged/world/worldgen/biome/RTFBiomes.class	481547F4DE291C46C44D8115671AE448B8B1D996CBA067672A2260358A47F54F	481547F4DE291C46C44D8115671AE448B8B1D996CBA067672A2260358A47F54F
raccoonman/reterraforged/world/worldgen/biome/RTFClimateSampler.class	A0B69BAFFC120D137E2708B9DC27347EC82CB3AC0DF231118DE26A07570E8C92	A0B69BAFFC120D137E2708B9DC27347EC82CB3AC0DF231118DE26A07570E8C92
raccoonman/reterraforged/world/worldgen/biome/RTFTargetPoint.class	CE726E42A39415FF37E783CE78C4878D43597011005B5FE935647842CA7754E3	CE726E42A39415FF37E783CE78C4878D43597011005B5FE935647842CA7754E3
raccoonman/reterraforged/world/worldgen/biome/Temperature.class	262E35B8565F57348A5E782152DD6C4AE3A1CEB8E919B723D0A149A004A22EFF	262E35B8565F57348A5E782152DD6C4AE3A1CEB8E919B723D0A149A004A22EFF
raccoonman/reterraforged/world/worldgen/biome/Weirdness.class	07E46DD18F1017727EE5E623792CCF65A4B8081D009BFA1F4EF94E018CA45E4D	07E46DD18F1017727EE5E623792CCF65A4B8081D009BFA1F4EF94E018CA45E4D
raccoonman/reterraforged/world/worldgen/biome/modifier/BiomeModifier.class	E6495A81B176478F76122417853A3C04379461D0643E50B0CEAFAF5E35AAA5B6	E6495A81B176478F76122417853A3C04379461D0643E50B0CEAFAF5E35AAA5B6
raccoonman/reterraforged/world/worldgen/biome/modifier/BiomeModifiers.class	5CC66A623F05CCB82B3C75F2D978EE1477AF8E45554A84D3CA9670DF60ED7873	FBB042184E078B7F94BA6C528C503F66E00BAC3C86B4C9A9C3F0DFE76227E1AD
raccoonman/reterraforged/world/worldgen/biome/modifier/Filter$Behavior$1.class	680244DC6E662555EBD5A681CD002B013CCEDF13856E86E1FCD472A0A29129B4	680244DC6E662555EBD5A681CD002B013CCEDF13856E86E1FCD472A0A29129B4
raccoonman/reterraforged/world/worldgen/biome/modifier/Filter$Behavior$2.class	286959BFF0516599F1FEB53736EF0FBFA95D12C7A8494BA4EDB77F4D0ADE6978	286959BFF0516599F1FEB53736EF0FBFA95D12C7A8494BA4EDB77F4D0ADE6978
raccoonman/reterraforged/world/worldgen/biome/modifier/Filter$Behavior.class	D350EB1C3D9A47F5FC6A65147F1C1795FA93154EC31E390761CBE90A178C6A21	D350EB1C3D9A47F5FC6A65147F1C1795FA93154EC31E390761CBE90A178C6A21
raccoonman/reterraforged/world/worldgen/biome/modifier/Filter.class	3478E1F72BC1DAB75A250D375773E4B13CADA2D29D207F4A5DE8EF2FBA996AA7	3478E1F72BC1DAB75A250D375773E4B13CADA2D29D207F4A5DE8EF2FBA996AA7
raccoonman/reterraforged/world/worldgen/biome/modifier/Order$1.class	777E70632F2399005D0950F166C592AF3637886CAA44AB206E19E31A0DA2A9B4	777E70632F2399005D0950F166C592AF3637886CAA44AB206E19E31A0DA2A9B4
raccoonman/reterraforged/world/worldgen/biome/modifier/Order$2.class	A0AF243E37071BEAA833E645062BA52EE164FAC1713DE23A81FB74DF795AE11D	A0AF243E37071BEAA833E645062BA52EE164FAC1713DE23A81FB74DF795AE11D
raccoonman/reterraforged/world/worldgen/biome/modifier/Order.class	A4D9BA06487DBE0502205C69D8443F1613434AD578C4E51E82568EDD14E09B20	A4D9BA06487DBE0502205C69D8443F1613434AD578C4E51E82568EDD14E09B20
raccoonman/reterraforged/world/worldgen/cell/Cell$1.class	4A07D0FC30CCFEA55DF0E99218901F685E4F6C26445DA7E1BEDB9987C3B83EEC	4A07D0FC30CCFEA55DF0E99218901F685E4F6C26445DA7E1BEDB9987C3B83EEC
raccoonman/reterraforged/world/worldgen/cell/Cell$Visitor.class	564E2BA48F3071A2F619CEA3DE15AB5E3787B9C7DB81CD027B4286E5C0D1FC0F	564E2BA48F3071A2F619CEA3DE15AB5E3787B9C7DB81CD027B4286E5C0D1FC0F
raccoonman/reterraforged/world/worldgen/cell/Cell.class	019574603820E6075F7DF618725A6162A563E25CEB9E3DE02F3EBC13B7F50870	019574603820E6075F7DF618725A6162A563E25CEB9E3DE02F3EBC13B7F50870
raccoonman/reterraforged/world/worldgen/cell/CellLookup.class	B823BF544F55CEAA93F8950B65F4F078306B1EEB70B1CACAE6DD7C1E0D8F3234	B823BF544F55CEAA93F8950B65F4F078306B1EEB70B1CACAE6DD7C1E0D8F3234
raccoonman/reterraforged/world/worldgen/cell/CellPopulator.class	A45ACE10A7E372D6BC754207BDB44F2A967C84165029216350E1B7566BC94992	A45ACE10A7E372D6BC754207BDB44F2A967C84165029216350E1B7566BC94992
raccoonman/reterraforged/world/worldgen/cell/biome/type/BiomeType.class	B102D35E5C73155E0BA93B43F830D80AFCB8E306D7FBD8A41E9F67817B7E21AA	B102D35E5C73155E0BA93B43F830D80AFCB8E306D7FBD8A41E9F67817B7E21AA
raccoonman/reterraforged/world/worldgen/cell/biome/type/BiomeTypeColors.class	0778589B149A4A38562DB2A61DBF2FAA3130E58C938F289416AFD08CA0E76B81	0778589B149A4A38562DB2A61DBF2FAA3130E58C938F289416AFD08CA0E76B81
raccoonman/reterraforged/world/worldgen/cell/biome/type/BiomeTypeLoader.class	4FB94E8F640EB966C916B03DED2CF485D0F6C16CE266A2AA1EB0D1D2CA887AA3	4FB94E8F640EB966C916B03DED2CF485D0F6C16CE266A2AA1EB0D1D2CA887AA3
raccoonman/reterraforged/world/worldgen/cell/climate/Climate.class	C3E3646D47F91BD6B3D3AFFB20FF7BCD7D1A9F536E76793E7A4B18BC06EFD1C5	C3E3646D47F91BD6B3D3AFFB20FF7BCD7D1A9F536E76793E7A4B18BC06EFD1C5
raccoonman/reterraforged/world/worldgen/cell/climate/ClimateModule.class	EA3C025D18E2E574D3D0DC5B16D059F2381092F2F3EFF78BEFBBDD1469F39480	EA3C025D18E2E574D3D0DC5B16D059F2381092F2F3EFF78BEFBBDD1469F39480
raccoonman/reterraforged/world/worldgen/cell/continent/Continent.class	B1F0788B08E37D705C2F3726F026363FBF8D5B064494AE32F750FF0ED40C057B	B1F0788B08E37D705C2F3726F026363FBF8D5B064494AE32F750FF0ED40C057B
raccoonman/reterraforged/world/worldgen/cell/continent/ContinentLerper2.class	D4D75B569DC4967E2F6C1612CA7EC14EA243B58F672047DDD6A267D3D5F144E4	D4D75B569DC4967E2F6C1612CA7EC14EA243B58F672047DDD6A267D3D5F144E4
raccoonman/reterraforged/world/worldgen/cell/continent/ContinentLerper3.class	F049497218754DFA2670B2C198C3F607EB7C75B998FC9929FC420B3583B07117	F049497218754DFA2670B2C198C3F607EB7C75B998FC9929FC420B3583B07117
raccoonman/reterraforged/world/worldgen/cell/continent/MushroomIslandPopulator.class	309795B3AC075ABB80BB81BE2C5D8327EF5EA9EC13B4964F04BA4A7605FADF26	309795B3AC075ABB80BB81BE2C5D8327EF5EA9EC13B4964F04BA4A7605FADF26
raccoonman/reterraforged/world/worldgen/cell/continent/SimpleContinent.class	30F2954D7F7F6AB8CFB5C3F5EE1E70FF5F905B0B7A4113ED371C6AACC55F155E	30F2954D7F7F6AB8CFB5C3F5EE1E70FF5F905B0B7A4113ED371C6AACC55F155E
raccoonman/reterraforged/world/worldgen/cell/continent/advanced/AbstractContinent.class	EFCF5B40782278C2AC83D59FACAB2A28FAD0131A21F29BE9D31C6D7FD88923D8	EFCF5B40782278C2AC83D59FACAB2A28FAD0131A21F29BE9D31C6D7FD88923D8
raccoonman/reterraforged/world/worldgen/cell/continent/advanced/AdvancedContinentGenerator.class	C3D0548A263F8CE982C8C5FA5E2A51295A4F37C6F3284F459AAE538B29879397	C3D0548A263F8CE982C8C5FA5E2A51295A4F37C6F3284F459AAE538B29879397
raccoonman/reterraforged/world/worldgen/cell/continent/fancy/FancyContinent.class	2006498A5EFF4067FE159733895C125AE38C39AAE816EDD6E92996F924BABF53	2006498A5EFF4067FE159733895C125AE38C39AAE816EDD6E92996F924BABF53
raccoonman/reterraforged/world/worldgen/cell/continent/fancy/FancyContinentGenerator.class	9F8E289E4292AD20A56E986872D995CF0D1153D7EEE5D332DF01BFBF30437CBD	9F8E289E4292AD20A56E986872D995CF0D1153D7EEE5D332DF01BFBF30437CBD
raccoonman/reterraforged/world/worldgen/cell/continent/fancy/FancyRiverGenerator.class	9B801AFF6D25DA650D931124163C6926B893319ED2FF3290FBF88CE8393AA99B	9B801AFF6D25DA650D931124163C6926B893319ED2FF3290FBF88CE8393AA99B
raccoonman/reterraforged/world/worldgen/cell/continent/fancy/Island.class	D261EE513D1FCA8F7DE308C8650E30E8AAEBD3B177D0A6FAF02614E0AE3EBD22	D261EE513D1FCA8F7DE308C8650E30E8AAEBD3B177D0A6FAF02614E0AE3EBD22
raccoonman/reterraforged/world/worldgen/cell/continent/fancy/Segment.class	4B41ACE0A011C5FCA32016CF0A4E45DDFFF4475645B43660760ADC98F01EE676	4B41ACE0A011C5FCA32016CF0A4E45DDFFF4475645B43660760ADC98F01EE676
raccoonman/reterraforged/world/worldgen/cell/continent/infinite/InfiniteContinentGenerator.class	54086A9E91726BA2C85A2399EF49C7E20E96675867C28D67F43D0E5C26407174	54086A9E91726BA2C85A2399EF49C7E20E96675867C28D67F43D0E5C26407174
raccoonman/reterraforged/world/worldgen/cell/continent/simple/ContinentGenerator.class	A966BF3B071C53CC8A5F4A55F783D160327D933ADAFC5A57B9FC869CB827F392	A966BF3B071C53CC8A5F4A55F783D160327D933ADAFC5A57B9FC869CB827F392
raccoonman/reterraforged/world/worldgen/cell/continent/simple/MultiContinentGenerator.class	7F2B0DC678E44550D82FEF332F43713D4019039BEA708842794FFBE0F6123478	7F2B0DC678E44550D82FEF332F43713D4019039BEA708842794FFBE0F6123478
raccoonman/reterraforged/world/worldgen/cell/continent/simple/SimpleRiverGenerator.class	8208A043F6F35277DD8E480DB719E12F3242E7D5974BD263D5893902D915F77A	8208A043F6F35277DD8E480DB719E12F3242E7D5974BD263D5893902D915F77A
raccoonman/reterraforged/world/worldgen/cell/continent/simple/SingleContinentGenerator.class	C4AF9C0EBCEBC9ADD9C2FEA6BB1D73C56386BC6369F00CB0205EC73F713D13CB	C4AF9C0EBCEBC9ADD9C2FEA6BB1D73C56386BC6369F00CB0205EC73F713D13CB
raccoonman/reterraforged/world/worldgen/cell/filter/BeachDetect.class	CD8156A5A90111D8886E6888E1B054DCC92D6F40196E2122C5CCFF9E20C19CA0	CD8156A5A90111D8886E6888E1B054DCC92D6F40196E2122C5CCFF9E20C19CA0
raccoonman/reterraforged/world/worldgen/cell/filter/NoiseCorrection.class	E62F2B6F7821685AC8D82D5906A164B433351488B199BF7ED8C100071CEA4982	E62F2B6F7821685AC8D82D5906A164B433351488B199BF7ED8C100071CEA4982
raccoonman/reterraforged/world/worldgen/cell/heightmap/ControlPoints.class	BC4C9A52A7C4689F86A4FCBF6E7F7F973589BF3802F04D820B1B3B8038E0AF18	BC4C9A52A7C4689F86A4FCBF6E7F7F973589BF3802F04D820B1B3B8038E0AF18
raccoonman/reterraforged/world/worldgen/cell/heightmap/Heightmap.class	68CAB4BE8EEBF0794950DEB8AD325027352CFB32F74DFB6C15C89AB377BDD4D8	68CAB4BE8EEBF0794950DEB8AD325027352CFB32F74DFB6C15C89AB377BDD4D8
raccoonman/reterraforged/world/worldgen/cell/heightmap/Levels.class	C0C3088106C756A5F8D8300B4EA561F1D0172099E66C4D9FED3BE812A0337DE5	C0C3088106C756A5F8D8300B4EA561F1D0172099E66C4D9FED3BE812A0337DE5
raccoonman/reterraforged/world/worldgen/cell/heightmap/RegionConfig.class	4A2980D9F1F7D513EF7A02C3546A1396334CC604935E0E61B5048FB8C2FE044B	4A2980D9F1F7D513EF7A02C3546A1396334CC604935E0E61B5048FB8C2FE044B
raccoonman/reterraforged/world/worldgen/cell/heightmap/WorldLookup.class	1B23D9C838A1C18F32CE475986005A3267288CB70A8CB4A2148517B594D6EBF5	1B23D9C838A1C18F32CE475986005A3267288CB70A8CB4A2148517B594D6EBF5
raccoonman/reterraforged/world/worldgen/cell/rivermap/LegacyRiverCache.class	734F82A3798F270A6683AFAC3361CA19E4F87045D3C42FF47434E034239777B6	734F82A3798F270A6683AFAC3361CA19E4F87045D3C42FF47434E034239777B6
raccoonman/reterraforged/world/worldgen/cell/rivermap/RiverCache.class	BA43B00DF5E664B2365D9BEEF6A569A87925DFA1C62D4DBD9B3F02708B682842	BA43B00DF5E664B2365D9BEEF6A569A87925DFA1C62D4DBD9B3F02708B682842
raccoonman/reterraforged/world/worldgen/cell/rivermap/RiverGenerator.class	510C9E8031CC7EA9954AF190DBB2E2033642144C8E2EEDFC237585CFE2EFC73F	510C9E8031CC7EA9954AF190DBB2E2033642144C8E2EEDFC237585CFE2EFC73F
raccoonman/reterraforged/world/worldgen/cell/rivermap/Rivermap.class	4C779B4B2F113DB73E31CAD10BAE48E4A673C7A7DC27B4EA2D70DDBDC65CAEE0	4C779B4B2F113DB73E31CAD10BAE48E4A673C7A7DC27B4EA2D70DDBDC65CAEE0
raccoonman/reterraforged/world/worldgen/cell/rivermap/gen/GenWarp.class	F9087BE2746EDE405CF65EC55D5AEC8E006F06A1108679003FFAE7181AB1598B	F9087BE2746EDE405CF65EC55D5AEC8E006F06A1108679003FFAE7181AB1598B
raccoonman/reterraforged/world/worldgen/cell/rivermap/lake/Lake.class	21FD60D5FD32D23801242E7C5FE8E49D301B4B7E661D9D6304601D01AEBD3C40	21FD60D5FD32D23801242E7C5FE8E49D301B4B7E661D9D6304601D01AEBD3C40
raccoonman/reterraforged/world/worldgen/cell/rivermap/lake/LakeConfig$Builder.class	31A9EDBC09AB5C211CDEBB36038FF083D750BC99D1D0FC2158256A0D686F3DED	31A9EDBC09AB5C211CDEBB36038FF083D750BC99D1D0FC2158256A0D686F3DED
raccoonman/reterraforged/world/worldgen/cell/rivermap/lake/LakeConfig.class	DF711F3FB63EC9A01CDEDF96D75FFDC5760D242966AA99F5B4BCED4E81CC54DD	DF711F3FB63EC9A01CDEDF96D75FFDC5760D242966AA99F5B4BCED4E81CC54DD
raccoonman/reterraforged/world/worldgen/cell/rivermap/river/BaseRiverGenerator.class	99197F631FB6A43251497F736674D1AB1C222A6C09E10CD996551B549B93DAB8	99197F631FB6A43251497F736674D1AB1C222A6C09E10CD996551B549B93DAB8
raccoonman/reterraforged/world/worldgen/cell/rivermap/river/Network$Builder.class	725F9C09CD8376F972102507AAA62C54976C55ACEB7F21D4ADF0DEBCAEBC97B0	725F9C09CD8376F972102507AAA62C54976C55ACEB7F21D4ADF0DEBCAEBC97B0
raccoonman/reterraforged/world/worldgen/cell/rivermap/river/Network.class	11987A1A6B5A4794C21E8646A0FB4E30E8291E6F2B8DE69A70DF36A7AD3DCCB4	11987A1A6B5A4794C21E8646A0FB4E30E8291E6F2B8DE69A70DF36A7AD3DCCB4
raccoonman/reterraforged/world/worldgen/cell/rivermap/river/Range.class	287C99EC60F72619F554DCF9EF661F0DC90B412061FE0C49B8CC0101C379A89B	287C99EC60F72619F554DCF9EF661F0DC90B412061FE0C49B8CC0101C379A89B
raccoonman/reterraforged/world/worldgen/cell/rivermap/river/River.class	70C96EBFBD37153A461CF0F388CC8A6467002AF5246C2DA044E701E86E2DF094	70C96EBFBD37153A461CF0F388CC8A6467002AF5246C2DA044E701E86E2DF094
raccoonman/reterraforged/world/worldgen/cell/rivermap/river/RiverCarver$Settings.class	7F180FE2DC998C2CF0A131FC5E00FC176F07C66B35046278C41BAED9B7611CC8	7F180FE2DC998C2CF0A131FC5E00FC176F07C66B35046278C41BAED9B7611CC8
raccoonman/reterraforged/world/worldgen/cell/rivermap/river/RiverCarver.class	24A23A704036632228919D557C208B77C36523BF4817086F6D3AC0720264B3CB	24A23A704036632228919D557C208B77C36523BF4817086F6D3AC0720264B3CB
raccoonman/reterraforged/world/worldgen/cell/rivermap/river/RiverConfig$Builder.class	024734FC63ADE2B1F16A9C84535277845F18744C41575AB70F814DF671584881	024734FC63ADE2B1F16A9C84535277845F18744C41575AB70F814DF671584881
raccoonman/reterraforged/world/worldgen/cell/rivermap/river/RiverConfig.class	B9E39067BC31C9016C3C368E1827839E6F1BD9D595341695D61FABBE0D194B96	B9E39067BC31C9016C3C368E1827839E6F1BD9D595341695D61FABBE0D194B96
raccoonman/reterraforged/world/worldgen/cell/rivermap/river/RiverWarp.class	5A55715B145FAA8FAE88835CC33B28CC81C46A056D2D2D8A2B7213CB4A2BDC47	5A55715B145FAA8FAE88835CC33B28CC81C46A056D2D2D8A2B7213CB4A2BDC47
raccoonman/reterraforged/world/worldgen/cell/rivermap/wetland/Wetland.class	83806D1B03F919439895A0C9A2E0F569C69F6270B42ECB002A1AEC532C9E02E6	83806D1B03F919439895A0C9A2E0F569C69F6270B42ECB002A1AEC532C9E02E6
raccoonman/reterraforged/world/worldgen/cell/rivermap/wetland/WetlandConfig.class	830F1B9E651E1504D24B12BA999A80FCEF9F5D5857CE3FA548BC9C071F903255	830F1B9E651E1504D24B12BA999A80FCEF9F5D5857CE3FA548BC9C071F903255
raccoonman/reterraforged/world/worldgen/cell/terrain/Blender.class	BEFF9CCA44F54422206264E53D88BADA72F5A366ADBFF27B210F7BB28685582F	BEFF9CCA44F54422206264E53D88BADA72F5A366ADBFF27B210F7BB28685582F
raccoonman/reterraforged/world/worldgen/cell/terrain/CompositeTerrain.class	F68E796D3C6D3A075431E0D07B058A4011DCB0D424CDF6D8DC6FA8CCEF80EF08	F68E796D3C6D3A075431E0D07B058A4011DCB0D424CDF6D8DC6FA8CCEF80EF08
raccoonman/reterraforged/world/worldgen/cell/terrain/ConfiguredTerrain.class	DBFFF5F14C0F191A20F589DC04AEFD3D6ABCF9209626807414BED5781B896E9B	DBFFF5F14C0F191A20F589DC04AEFD3D6ABCF9209626807414BED5781B896E9B
raccoonman/reterraforged/world/worldgen/cell/terrain/ITerrain$Delegate.class	E201F2D9A3EF58274A2C4ED90AD00661B8B559CC69FF6ABA87F93927362BC384	E201F2D9A3EF58274A2C4ED90AD00661B8B559CC69FF6ABA87F93927362BC384
raccoonman/reterraforged/world/worldgen/cell/terrain/ITerrain.class	0D93FCDD16331D05AA0F826314026CD20C52D3AC41C9A778BF4407E5E9C23032	0D93FCDD16331D05AA0F826314026CD20C52D3AC41C9A778BF4407E5E9C23032
raccoonman/reterraforged/world/worldgen/cell/terrain/Populators.class	0DC1E920EE45124196C6E38EBFECF354463CC2AFA09081A02F203B5DE4F53087	0DC1E920EE45124196C6E38EBFECF354463CC2AFA09081A02F203B5DE4F53087
raccoonman/reterraforged/world/worldgen/cell/terrain/Terrain.class	7F6FF3DA14BB850E0D8EEA0921541F0D09C914D1E5921FF33653DE984BCBFF86	7F6FF3DA14BB850E0D8EEA0921541F0D09C914D1E5921FF33653DE984BCBFF86
raccoonman/reterraforged/world/worldgen/cell/terrain/TerrainCategory$1.class	50805F21E90C30AA54151B8C295C1AE9AC0FDECFFFE55660E53F882AB0FAC867	50805F21E90C30AA54151B8C295C1AE9AC0FDECFFFE55660E53F882AB0FAC867
raccoonman/reterraforged/world/worldgen/cell/terrain/TerrainCategory$10.class	6A52312BEBF2148AE8CF23A46ACA1EB0B6E38EF8839FFC3B9443F88CE6C21597	6A52312BEBF2148AE8CF23A46ACA1EB0B6E38EF8839FFC3B9443F88CE6C21597
raccoonman/reterraforged/world/worldgen/cell/terrain/TerrainCategory$2.class	D2E4EF00BD146A9FC8BF729EEF5E41F1C3AE404F06DB5C35C1762F08658E2EA9	D2E4EF00BD146A9FC8BF729EEF5E41F1C3AE404F06DB5C35C1762F08658E2EA9
raccoonman/reterraforged/world/worldgen/cell/terrain/TerrainCategory$3.class	37964C037FF4E64C01CDE4604C826B67DD0734B24750AFA3DF90C70A83B4E2F3	37964C037FF4E64C01CDE4604C826B67DD0734B24750AFA3DF90C70A83B4E2F3
raccoonman/reterraforged/world/worldgen/cell/terrain/TerrainCategory$4.class	0B84905727E667BB7FC67C39B8B956E251A1B7B113F0557C8BE13787966D15F2	0B84905727E667BB7FC67C39B8B956E251A1B7B113F0557C8BE13787966D15F2
raccoonman/reterraforged/world/worldgen/cell/terrain/TerrainCategory$5.class	8C3CD105925B836744223EF13B674242E96FF87243B5D6E15F139FC0D0C957A3	8C3CD105925B836744223EF13B674242E96FF87243B5D6E15F139FC0D0C957A3
raccoonman/reterraforged/world/worldgen/cell/terrain/TerrainCategory$6.class	86B25D69770E50BEAE48E11D7CE3A5DD9B4693384FEF9F1F112ECB8F9A921BAA	86B25D69770E50BEAE48E11D7CE3A5DD9B4693384FEF9F1F112ECB8F9A921BAA
raccoonman/reterraforged/world/worldgen/cell/terrain/TerrainCategory$7.class	4E62F15FF8FAA74921EAE1DED96A3339DB84F5D76809EA0342C7A6D591BC66F9	4E62F15FF8FAA74921EAE1DED96A3339DB84F5D76809EA0342C7A6D591BC66F9
raccoonman/reterraforged/world/worldgen/cell/terrain/TerrainCategory$8.class	4B0C8069C3AF5A373735314F8F85190E972AF096F9D5A6D3F54F8F6C9CED0C85	4B0C8069C3AF5A373735314F8F85190E972AF096F9D5A6D3F54F8F6C9CED0C85
raccoonman/reterraforged/world/worldgen/cell/terrain/TerrainCategory$9.class	B31B1E51C8816FA1ACBA45719F87FDCA69028420B96BF6131F2C52124755BFA3	B31B1E51C8816FA1ACBA45719F87FDCA69028420B96BF6131F2C52124755BFA3
raccoonman/reterraforged/world/worldgen/cell/terrain/TerrainCategory.class	87BF073374F8CB5E27CEE4D8159EA4B6A30636A3D70629205093E720734FA266	87BF073374F8CB5E27CEE4D8159EA4B6A30636A3D70629205093E720734FA266
raccoonman/reterraforged/world/worldgen/cell/terrain/TerrainType$1.class	D9DD3F21D71E7229002F5F9DC79373C5CAB68A98205F5045419D770511943A8F	D9DD3F21D71E7229002F5F9DC79373C5CAB68A98205F5045419D770511943A8F
raccoonman/reterraforged/world/worldgen/cell/terrain/TerrainType.class	5AB98A555018A128144E766963D40A89D5FFDC3D8521A73C7FD433A635CA746C	5AB98A555018A128144E766963D40A89D5FFDC3D8521A73C7FD433A635CA746C
raccoonman/reterraforged/world/worldgen/cell/terrain/populator/IslandPopulator.class	1B15A76EA8D2E6E88D3F07B1A7958B52516885D4C449D7271F273092505425B7	1B15A76EA8D2E6E88D3F07B1A7958B52516885D4C449D7271F273092505425B7
raccoonman/reterraforged/world/worldgen/cell/terrain/populator/OceanPopulator.class	61086978DC7E35398C4F8AEE7D6A6D8F9FFA3C3D485C74716FC6FF7348CFFF42	61086978DC7E35398C4F8AEE7D6A6D8F9FFA3C3D485C74716FC6FF7348CFFF42
raccoonman/reterraforged/world/worldgen/cell/terrain/populator/TerrainPopulator.class	71FA2F46E249C82DE7F21AE6E7FCB2AD5731374AA9FDFFA7E3113FB8CE6BE1B0	71FA2F46E249C82DE7F21AE6E7FCB2AD5731374AA9FDFFA7E3113FB8CE6BE1B0
raccoonman/reterraforged/world/worldgen/cell/terrain/populator/VolcanoPopulator.class	84FA97B161F1B94A5650E10FA78BBF8A406B3D5660B9B4FBF147F8C632A06FEB	84FA97B161F1B94A5650E10FA78BBF8A406B3D5660B9B4FBF147F8C632A06FEB
raccoonman/reterraforged/world/worldgen/cell/terrain/populator/WeightedPopulator.class	F2BFEBF4CF611320E4264625CC69378095BF28C9860BDD1FBF01DB39FBA9362A	F2BFEBF4CF611320E4264625CC69378095BF28C9860BDD1FBF01DB39FBA9362A
raccoonman/reterraforged/world/worldgen/cell/terrain/provider/TerrainProvider.class	0EE5AA23BD400335F752E7FFDC9A12350A21A8A9152AB23EB6DCFBBA16604642	0EE5AA23BD400335F752E7FFDC9A12350A21A8A9152AB23EB6DCFBBA16604642
raccoonman/reterraforged/world/worldgen/cell/terrain/region/RegionLerper.class	DA42604F1F87E288A520917901206266C8618C654B35E41A8483B03311E24482	DA42604F1F87E288A520917901206266C8618C654B35E41A8483B03311E24482
raccoonman/reterraforged/world/worldgen/cell/terrain/region/RegionModule.class	FF8F1D8E22C6A9DAED48AAE3D005307EDE46A96B2A9B25A3CAF19C2F87C861E1	FF8F1D8E22C6A9DAED48AAE3D005307EDE46A96B2A9B25A3CAF19C2F87C861E1
raccoonman/reterraforged/world/worldgen/cell/terrain/region/RegionSelector.class	4DB3D8765D4FEB9A2B562CF7B2296A5BF5AAE050D3B60B267871F09EBDFAAF73	4DB3D8765D4FEB9A2B562CF7B2296A5BF5AAE050D3B60B267871F09EBDFAAF73
raccoonman/reterraforged/world/worldgen/densityfunction/CellSampler$Cache2d.class	BBA0CFCF85E4D931E1548961195016ECCA1997C89C28A385F8411C02F20BB86F	BBA0CFCF85E4D931E1548961195016ECCA1997C89C28A385F8411C02F20BB86F
raccoonman/reterraforged/world/worldgen/densityfunction/CellSampler$CacheChunk.class	824E93AE9FFD62015A11D56C7575A9775685C075E546219941842CB7477B6788	824E93AE9FFD62015A11D56C7575A9775685C075E546219941842CB7477B6788
raccoonman/reterraforged/world/worldgen/densityfunction/CellSampler$Field$1.class	F3DC36BA3E16ED8649781F3A8F318CBBAB9A96754026C5AF67CC4DB608FB1BBF	F3DC36BA3E16ED8649781F3A8F318CBBAB9A96754026C5AF67CC4DB608FB1BBF
raccoonman/reterraforged/world/worldgen/densityfunction/CellSampler$Field$10.class	C06C74DD203982DC1207FA5CA153B758A602267C68EDA85DAC433CD1774E4589	C06C74DD203982DC1207FA5CA153B758A602267C68EDA85DAC433CD1774E4589
raccoonman/reterraforged/world/worldgen/densityfunction/CellSampler$Field$2.class	2B1A35327F00C353A078E97FFE330D3462C4259B4194337BBFBA9A94E2DEF5A1	2B1A35327F00C353A078E97FFE330D3462C4259B4194337BBFBA9A94E2DEF5A1
raccoonman/reterraforged/world/worldgen/densityfunction/CellSampler$Field$3.class	C97ED8B80D5281C81652B0FD8C572B2E3C95FEBB60D9EB73A5C87156CE20D1D3	C97ED8B80D5281C81652B0FD8C572B2E3C95FEBB60D9EB73A5C87156CE20D1D3
raccoonman/reterraforged/world/worldgen/densityfunction/CellSampler$Field$4.class	36BEBBFA365DDFFDEBB062100B1D13AF5513E2B25427197CFDFF5D42BD779324	36BEBBFA365DDFFDEBB062100B1D13AF5513E2B25427197CFDFF5D42BD779324
raccoonman/reterraforged/world/worldgen/densityfunction/CellSampler$Field$5.class	B2A05817D96F6C9E89118FFA1086DCEB7FA2CC3BCAA80498B70F5A9878E88E19	B2A05817D96F6C9E89118FFA1086DCEB7FA2CC3BCAA80498B70F5A9878E88E19
raccoonman/reterraforged/world/worldgen/densityfunction/CellSampler$Field$6.class	6E11CF8FBF652AE21654F713E109DA5BD7AADF4BA2C4BF735D61AE8F853E0EF1	6E11CF8FBF652AE21654F713E109DA5BD7AADF4BA2C4BF735D61AE8F853E0EF1
raccoonman/reterraforged/world/worldgen/densityfunction/CellSampler$Field$7.class	B894EE387D000F0BCAA37421924C9909FA6C8A4AABAC7304350DDDCDE689F24B	B894EE387D000F0BCAA37421924C9909FA6C8A4AABAC7304350DDDCDE689F24B
raccoonman/reterraforged/world/worldgen/densityfunction/CellSampler$Field$8.class	5FB8F744A3E23F62E07C92EA202764A0C7DD3661603C5CF0BC2159BFA7344486	5FB8F744A3E23F62E07C92EA202764A0C7DD3661603C5CF0BC2159BFA7344486
raccoonman/reterraforged/world/worldgen/densityfunction/CellSampler$Field$9.class	D32E7CEDEE1CC6D6E6651356542B9551365B650407815E2BBBFD057ABF013214	D32E7CEDEE1CC6D6E6651356542B9551365B650407815E2BBBFD057ABF013214
raccoonman/reterraforged/world/worldgen/densityfunction/CellSampler$Field.class	3E723BB19A6D97F3F75A992F3ED7D1D83EEFFF1B4F5F7061DD363E210D487958	3E723BB19A6D97F3F75A992F3ED7D1D83EEFFF1B4F5F7061DD363E210D487958
raccoonman/reterraforged/world/worldgen/densityfunction/CellSampler$Marker.class	6A10EBF65F8AA8BECA7C637DADADBC56083BA7CE39F0352B16D71CC72B373865	6A10EBF65F8AA8BECA7C637DADADBC56083BA7CE39F0352B16D71CC72B373865
raccoonman/reterraforged/world/worldgen/densityfunction/CellSampler.class	A12D20E34A9CFB00C62255CE9139447A410DA48D82AFA1A5C4C1B02FFF39F46F	A12D20E34A9CFB00C62255CE9139447A410DA48D82AFA1A5C4C1B02FFF39F46F
raccoonman/reterraforged/world/worldgen/densityfunction/ClampToNearestUnit.class	FD72AF2E16666E1B9F03E35E9788BE977FDC2B4AC2FAAB0AA3AB7F986D2E0F21	FD72AF2E16666E1B9F03E35E9788BE977FDC2B4AC2FAAB0AA3AB7F986D2E0F21
raccoonman/reterraforged/world/worldgen/densityfunction/ConditionalArrayCache$Cache.class	BD1EA97EA27F5DFEBA1C845C5C7B2D26F98F18E0DF7A0AD65B82B385AD27E650	BD1EA97EA27F5DFEBA1C845C5C7B2D26F98F18E0DF7A0AD65B82B385AD27E650
raccoonman/reterraforged/world/worldgen/densityfunction/ConditionalArrayCache.class	C0B1CE62ECFED5A6DC9E24FD11191BEAEBA0EFF102D5BB25EBC961D4CFB23E94	C0B1CE62ECFED5A6DC9E24FD11191BEAEBA0EFF102D5BB25EBC961D4CFB23E94
raccoonman/reterraforged/world/worldgen/densityfunction/LinearSplineFunction$Builder.class	D777297D815EB048466A276D4F157F02E9DA420FB2192700288C2704A073FA5D	D777297D815EB048466A276D4F157F02E9DA420FB2192700288C2704A073FA5D
raccoonman/reterraforged/world/worldgen/densityfunction/LinearSplineFunction.class	6E398B7F04932348DDF9BC457EAA7FE47ECBB1FFA357FDC6D7A8E946C5B4973E	6E398B7F04932348DDF9BC457EAA7FE47ECBB1FFA357FDC6D7A8E946C5B4973E
raccoonman/reterraforged/world/worldgen/densityfunction/MarkerFunction$Mapped.class	793B0E2AF94171EBA49E6E9A180F6AE43B80654020BA42BE5DAA6C34BDF583EF	793B0E2AF94171EBA49E6E9A180F6AE43B80654020BA42BE5DAA6C34BDF583EF
raccoonman/reterraforged/world/worldgen/densityfunction/MarkerFunction.class	2B2045B8AE6BB6771A88B8920B2D3BC06D7BBD6AF279E91FB3F3B07D8976B4BD	2B2045B8AE6BB6771A88B8920B2D3BC06D7BBD6AF279E91FB3F3B07D8976B4BD
raccoonman/reterraforged/world/worldgen/densityfunction/MutableFunctionContext.class	B18F2DEF02F2FD861F460304C4098EB6AB7E16FE2CB35060C9A87B0509FDB630	B18F2DEF02F2FD861F460304C4098EB6AB7E16FE2CB35060C9A87B0509FDB630
raccoonman/reterraforged/world/worldgen/densityfunction/NoiseFunction$Marker.class	CBCC55DFFA16C25374438493499B98DED20BBE26D96509C1B5A65B0854462AF1	CBCC55DFFA16C25374438493499B98DED20BBE26D96509C1B5A65B0854462AF1
raccoonman/reterraforged/world/worldgen/densityfunction/NoiseFunction.class	82F99D38A0F140B792BCA132E712405771E52C955864013EDA94C8DF2F9A5089	82F99D38A0F140B792BCA132E712405771E52C955864013EDA94C8DF2F9A5089
raccoonman/reterraforged/world/worldgen/densityfunction/RTFDensityFunctions.class	F5B649D8C6CD7307DF05F67697EA4CB6763552DA039114794D8D812352678007	F5B649D8C6CD7307DF05F67697EA4CB6763552DA039114794D8D812352678007
raccoonman/reterraforged/world/worldgen/densityfunction/StructureGenMask.class	6BBBC0720AF386849C3BADC7B13E8BB8D55C1A66A81E73FB97FBCA0D469E11B1	6BBBC0720AF386849C3BADC7B13E8BB8D55C1A66A81E73FB97FBCA0D469E11B1
raccoonman/reterraforged/world/worldgen/densityfunction/tile/Size.class	BA984533843CBC3B6E369911D003BC9C0DE7C1FC60787FB1AF3C4303A461A3E0	BA984533843CBC3B6E369911D003BC9C0DE7C1FC60787FB1AF3C4303A461A3E0
raccoonman/reterraforged/world/worldgen/densityfunction/tile/Tile$Chunk.class	AA0602FFC41D09BC208778098A9E49AE0058E661DEAE24C226EB1DF9B8F87018	AA0602FFC41D09BC208778098A9E49AE0058E661DEAE24C226EB1DF9B8F87018
raccoonman/reterraforged/world/worldgen/densityfunction/tile/Tile.class	861D33A68711DD380696A8D5031AB848AB884550642992F68F11E06C4EBB3B3A	861D33A68711DD380696A8D5031AB848AB884550642992F68F11E06C4EBB3B3A
raccoonman/reterraforged/world/worldgen/densityfunction/tile/TileCache$Entry.class	B2E328D040F7A6A9518C4901BA7307CFF57A3B8E8DE275FEEFADD4EAA60C1890	B2E328D040F7A6A9518C4901BA7307CFF57A3B8E8DE275FEEFADD4EAA60C1890
raccoonman/reterraforged/world/worldgen/densityfunction/tile/TileCache.class	662ED9060090934F65CB37198F468CD2B25AC48B4FDED40B8C2E2C84B3EE2DC8	662ED9060090934F65CB37198F468CD2B25AC48B4FDED40B8C2E2C84B3EE2DC8
raccoonman/reterraforged/world/worldgen/densityfunction/tile/TileFactory.class	CE76620BA7947FD7D25CA984E3FB44BEEB1B32AFB1CF54C49B4C85D7C7119FF5	CE76620BA7947FD7D25CA984E3FB44BEEB1B32AFB1CF54C49B4C85D7C7119FF5
raccoonman/reterraforged/world/worldgen/densityfunction/tile/chunk/ChunkHolder.class	B815EC8C073B48551B3B3595B0C1072EC441E213147F645620700680CAC99F3E	B815EC8C073B48551B3B3595B0C1072EC441E213147F645620700680CAC99F3E
raccoonman/reterraforged/world/worldgen/densityfunction/tile/chunk/ChunkReader.class	B5405F6D85EFD6C65BE2B0FEEDA079FEF22FABE30706240FA878D2E9980131AC	B5405F6D85EFD6C65BE2B0FEEDA079FEF22FABE30706240FA878D2E9980131AC
raccoonman/reterraforged/world/worldgen/densityfunction/tile/chunk/ChunkWriter.class	77DED70290C2851DD40AEDCE24CBE62646A09E5E51DEDB18E20BEC819CFBA488	77DED70290C2851DD40AEDCE24CBE62646A09E5E51DEDB18E20BEC819CFBA488
raccoonman/reterraforged/world/worldgen/densityfunction/tile/filter/BeachDetect.class	E55275537C602A458A5EBF60FD57BA43D2D22A49911C3CD246722AD0046224C5	E55275537C602A458A5EBF60FD57BA43D2D22A49911C3CD246722AD0046224C5
raccoonman/reterraforged/world/worldgen/densityfunction/tile/filter/Erosion$Factory.class	BAEE3387EB9D6B483B1FCC9233955542BE36C2AB1BC1CF0B010EF53EC7124456	BAEE3387EB9D6B483B1FCC9233955542BE36C2AB1BC1CF0B010EF53EC7124456
raccoonman/reterraforged/world/worldgen/densityfunction/tile/filter/Erosion$TerrainPos.class	47B086E1667A9AD4ABAA2433A4AAE79EFE5D1FC8E4AE344688E5C9B7A5C610DC	47B086E1667A9AD4ABAA2433A4AAE79EFE5D1FC8E4AE344688E5C9B7A5C610DC
raccoonman/reterraforged/world/worldgen/densityfunction/tile/filter/Erosion.class	E93ED0EDBAC87459188E9397E03AB29B46074E5C564115FC15D99307480F7048	E93ED0EDBAC87459188E9397E03AB29B46074E5C564115FC15D99307480F7048
raccoonman/reterraforged/world/worldgen/densityfunction/tile/filter/Filter$Visitor.class	2464D3B57B95FE94A701F43E14ECBD13FE779F398C01338C4D85067C81A23373	2464D3B57B95FE94A701F43E14ECBD13FE779F398C01338C4D85067C81A23373
raccoonman/reterraforged/world/worldgen/densityfunction/tile/filter/Filter.class	C08404BF7F2D0F32A80EA41BE6D61EA1D8B6FAEAE276344EEAC7310669BFB281	C08404BF7F2D0F32A80EA41BE6D61EA1D8B6FAEAE276344EEAC7310669BFB281
raccoonman/reterraforged/world/worldgen/densityfunction/tile/filter/Filterable.class	E57BCFD2C37940BBC24F5C5E8A00AC032BE829EC721F4536BECC8F858740D334	E57BCFD2C37940BBC24F5C5E8A00AC032BE829EC721F4536BECC8F858740D334
raccoonman/reterraforged/world/worldgen/densityfunction/tile/filter/Modifier$1.class	BFA380C7C29F2B730E5497B8E0AB6E595665A0837D25E3FDBE031045D30FE268	BFA380C7C29F2B730E5497B8E0AB6E595665A0837D25E3FDBE031045D30FE268
raccoonman/reterraforged/world/worldgen/densityfunction/tile/filter/Modifier.class	EBBC44DAF3A11FF26AE68ED4E24D4A3DF9167952BDC8DDC5DD71133ACD72CB0C	EBBC44DAF3A11FF26AE68ED4E24D4A3DF9167952BDC8DDC5DD71133ACD72CB0C
raccoonman/reterraforged/world/worldgen/densityfunction/tile/filter/NoiseCorrection.class	3F8E51479BF90336AA92683BB05281B98A5BF482BC4295D718E21B86F3ECD1E4	3F8E51479BF90336AA92683BB05281B98A5BF482BC4295D718E21B86F3ECD1E4
raccoonman/reterraforged/world/worldgen/densityfunction/tile/filter/Smoothing.class	1BCB787B0E3101F58351B311FAADB4326924B9D87573B115DC45A1A1A8510723	1BCB787B0E3101F58351B311FAADB4326924B9D87573B115DC45A1A1A8510723
raccoonman/reterraforged/world/worldgen/densityfunction/tile/filter/Steepness.class	9294834DF39E8BBF4A46513A35491442A94B8B9D1E71B9C5888BB247F737CC31	9294834DF39E8BBF4A46513A35491442A94B8B9D1E71B9C5888BB247F737CC31
raccoonman/reterraforged/world/worldgen/densityfunction/tile/generation/TileGenerator.class	908D64FD5F8570B1B64566C1DA85FB21D0122A37F6467FB23ACCCB72D6A58775	908D64FD5F8570B1B64566C1DA85FB21D0122A37F6467FB23ACCCB72D6A58775
raccoonman/reterraforged/world/worldgen/feature/BushFeature$Config.class	FA4733E1B4CE415838290CB6D4FF26FBB53DE5273F0028AF81869F42874C0A9D	FA4733E1B4CE415838290CB6D4FF26FBB53DE5273F0028AF81869F42874C0A9D
raccoonman/reterraforged/world/worldgen/feature/BushFeature.class	6EC56F3DBA739A4423CCB1227E73138B025EFC6D5C294B83EE368A0AC3E168A4	6EC56F3DBA739A4423CCB1227E73138B025EFC6D5C294B83EE368A0AC3E168A4
raccoonman/reterraforged/world/worldgen/feature/ColumnDecorator.class	6ECC8025DA63088677666959CBB9A25FDAAAEC4B9DAF54FE57B6CAF2926FD802	6ECC8025DA63088677666959CBB9A25FDAAAEC4B9DAF54FE57B6CAF2926FD802
raccoonman/reterraforged/world/worldgen/feature/DecorateSnowFeature$Config.class	1B87AE91C31DC414C4A274015E0AB736AAA4BEDAE2843C5C298653334EF93A0C	1B87AE91C31DC414C4A274015E0AB736AAA4BEDAE2843C5C298653334EF93A0C
raccoonman/reterraforged/world/worldgen/feature/DecorateSnowFeature.class	4B4187925AD7D4499DE7BD6B351DF51E4082E7AEFE830D060DE0B4660718D64B	4B4187925AD7D4499DE7BD6B351DF51E4082E7AEFE830D060DE0B4660718D64B
raccoonman/reterraforged/world/worldgen/feature/DiskFeature.class	AE2D8F7EA08B23B88BBA931B2080DDAEE4A3D10FE7D7D6D6FA0E6423A0352760	AE2D8F7EA08B23B88BBA931B2080DDAEE4A3D10FE7D7D6D6FA0E6423A0352760
raccoonman/reterraforged/world/worldgen/feature/ErodeFeature$Config.class	48839FEA57CC4A6812DAC4845D8371E9928F0A4F52A5B8B336B126D72C749F77	48839FEA57CC4A6812DAC4845D8371E9928F0A4F52A5B8B336B126D72C749F77
raccoonman/reterraforged/world/worldgen/feature/ErodeFeature.class	359D95C8E64E401AC507F04703CF0236E9CC80B2CB5E00228EF846ED07322DA5	359D95C8E64E401AC507F04703CF0236E9CC80B2CB5E00228EF846ED07322DA5
raccoonman/reterraforged/world/worldgen/feature/RTFFeatures.class	9F58E54EF4CA75EE204D1065B123387A38B462ACEA35EAB449357F1DCEF9BF78	9F58E54EF4CA75EE204D1065B123387A38B462ACEA35EAB449357F1DCEF9BF78
raccoonman/reterraforged/world/worldgen/feature/SwampSurfaceFeature$Config.class	5EAE5EBAD7E938FCF1E81E730475675A7C68FE0D957BD80EFF8103ED5BA190A0	5EAE5EBAD7E938FCF1E81E730475675A7C68FE0D957BD80EFF8103ED5BA190A0
raccoonman/reterraforged/world/worldgen/feature/SwampSurfaceFeature.class	FEAE508594CDBC44F377BA20E8E5718B277B599A3DEC8BEE1F8013FF301DD3DF	FEAE508594CDBC44F377BA20E8E5718B277B599A3DEC8BEE1F8013FF301DD3DF
raccoonman/reterraforged/world/worldgen/feature/chance/BiomeEdgeChanceModifier.class	D6F9E521029F339AEEB97F7000D6018BAECA20ABD5D88DB4F10D9969CA397178	D6F9E521029F339AEEB97F7000D6018BAECA20ABD5D88DB4F10D9969CA397178
raccoonman/reterraforged/world/worldgen/feature/chance/ChanceContext.class	444C7BF2A6A4C988E7A7C7305E2AAC68705BA3BBCB555DBF884F030BCF19D5DA	444C7BF2A6A4C988E7A7C7305E2AAC68705BA3BBCB555DBF884F030BCF19D5DA
raccoonman/reterraforged/world/worldgen/feature/chance/ChanceFeature$Config.class	C4767A2F2A4928B82BA1B951F1394DBBFF26360139293308F60B3FF614076E91	C4767A2F2A4928B82BA1B951F1394DBBFF26360139293308F60B3FF614076E91
raccoonman/reterraforged/world/worldgen/feature/chance/ChanceFeature$Entry.class	7783FAA1F624598F1A5C235C2660A90E542FAFB485443593B4F02A5F97CDE296	7783FAA1F624598F1A5C235C2660A90E542FAFB485443593B4F02A5F97CDE296
raccoonman/reterraforged/world/worldgen/feature/chance/ChanceFeature.class	F27534057EAE11E487E25C3EAD2AA68E17E3240E6E99A564E5D1CA54162A201D	F27534057EAE11E487E25C3EAD2AA68E17E3240E6E99A564E5D1CA54162A201D
raccoonman/reterraforged/world/worldgen/feature/chance/ChanceModifier.class	8D0D3012BE720D012546AC637D44E167222D022971E2C17318DDE7CAA3703ADA	8D0D3012BE720D012546AC637D44E167222D022971E2C17318DDE7CAA3703ADA
raccoonman/reterraforged/world/worldgen/feature/chance/ElevationChanceModifier.class	B8351397CD14F7A00BF15191A7086A11CEF75F2AE35C4D5F9F0A3EDB8A314E41	B8351397CD14F7A00BF15191A7086A11CEF75F2AE35C4D5F9F0A3EDB8A314E41
raccoonman/reterraforged/world/worldgen/feature/chance/RangeChanceModifier.class	2E238812FBA82F27D55B88D5320FF15E4E7C60989B54F1A94AA91BDD8090554B	2E238812FBA82F27D55B88D5320FF15E4E7C60989B54F1A94AA91BDD8090554B
raccoonman/reterraforged/world/worldgen/feature/chance/RTFChanceModifiers.class	152358AE38B79F902144A218EE98726BA16CB98EAE9485C493EAD9C86A05D1CA	152358AE38B79F902144A218EE98726BA16CB98EAE9485C493EAD9C86A05D1CA
raccoonman/reterraforged/world/worldgen/feature/placement/BlacklistDimensionFilter.class	3BEAC65C69E75CAE70DE4C87BA3CBEA426BB23B894B3552CF8621D5D3A9C8372	3BEAC65C69E75CAE70DE4C87BA3CBEA426BB23B894B3552CF8621D5D3A9C8372
raccoonman/reterraforged/world/worldgen/feature/placement/LegacyCountExtraModifier.class	472C651B85BE1007F15C56DD4AFC4BF9C96AF8754793500B1B2CD2C9055E780A	472C651B85BE1007F15C56DD4AFC4BF9C96AF8754793500B1B2CD2C9055E780A
raccoonman/reterraforged/world/worldgen/feature/placement/RTFPlacementModifiers.class	903CD56858C5640A0C6E0AE9D633038E27F83B50EA8E5D810128D3F2C81EEE5C	903CD56858C5640A0C6E0AE9D633038E27F83B50EA8E5D810128D3F2C81EEE5C
raccoonman/reterraforged/world/worldgen/feature/placement/poisson/BiomeVariance$1.class	0665B12E3E30A0B84252739EC0C600462F98349BBAA5783A2F579F72D383FF4F	0665B12E3E30A0B84252739EC0C600462F98349BBAA5783A2F579F72D383FF4F
raccoonman/reterraforged/world/worldgen/feature/placement/poisson/BiomeVariance.class	218B9BD16837A64CC26EC2E52845616D60DFCC31E697E0F744487ADDCA90977E	218B9BD16837A64CC26EC2E52845616D60DFCC31E697E0F744487ADDCA90977E
raccoonman/reterraforged/world/worldgen/feature/placement/poisson/DensityNoise.class	2CC9FB840D85A5690602D0DA11FAB21ED439ABC877379EEF39CC1C4F6D5E2932	2CC9FB840D85A5690602D0DA11FAB21ED439ABC877379EEF39CC1C4F6D5E2932
raccoonman/reterraforged/world/worldgen/feature/placement/poisson/FastPoisson$Visitor.class	FF22110C868AD3CF2891E3EA1AE2C82BED637EAFF9EE109B1844DDC07FA173CE	FF22110C868AD3CF2891E3EA1AE2C82BED637EAFF9EE109B1844DDC07FA173CE
raccoonman/reterraforged/world/worldgen/feature/placement/poisson/FastPoisson.class	CFE81E9872537C6A7ED7DA15540105D96DCFA4F286D4367EA0D5327AC70311D6	CFE81E9872537C6A7ED7DA15540105D96DCFA4F286D4367EA0D5327AC70311D6
raccoonman/reterraforged/world/worldgen/feature/placement/poisson/FastPoissonContext.class	58B4BD95A8AF49E753EFC7FEA8FF864B277202BD32CD734A8B163E18B0E7EBC0	58B4BD95A8AF49E753EFC7FEA8FF864B277202BD32CD734A8B163E18B0E7EBC0
raccoonman/reterraforged/world/worldgen/feature/placement/poisson/FastPoissonModifier.class	254A132337054E72DE5A7AFB006758529409BB7742154CDC3A64E5771C3B5E6D	254A132337054E72DE5A7AFB006758529409BB7742154CDC3A64E5771C3B5E6D
raccoonman/reterraforged/world/worldgen/feature/placement/poisson/LongIterSet.class	5C611BBD7C4B644589E8C0FAE79D8151F083052D35361981CCAE2DC36E2A2EA1	5C611BBD7C4B644589E8C0FAE79D8151F083052D35361981CCAE2DC36E2A2EA1
raccoonman/reterraforged/world/worldgen/feature/template/BlockUtils.class	F83BA0A341588264EC664D29C584D6E3F3E54025CF8B9B9038C0EB267B14992F	F83BA0A341588264EC664D29C584D6E3F3E54025CF8B9B9038C0EB267B14992F
raccoonman/reterraforged/world/worldgen/feature/template/StructureUtils.class	D3ACF4A5BF127C6B10703686415698B159E6BDF7612794122715B73FDA3FD360	D3ACF4A5BF127C6B10703686415698B159E6BDF7612794122715B73FDA3FD360
raccoonman/reterraforged/world/worldgen/feature/template/TemplateFeature$Config.class	63307650920CE4C5B2A63EA49D911DAE633C46226A99019179E5A1A9EE613F15	63307650920CE4C5B2A63EA49D911DAE633C46226A99019179E5A1A9EE613F15
raccoonman/reterraforged/world/worldgen/feature/template/TemplateFeature.class	F2199BFAE22C039565DA30A8DEDF69335BC5D24158416DF3F940CE99AE5AD748	F2199BFAE22C039565DA30A8DEDF69335BC5D24158416DF3F940CE99AE5AD748
raccoonman/reterraforged/world/worldgen/feature/template/buffer/BufferBitSet.class	1FA5AA5BABFDC947A040F3906E2B4F0CE91032BFC99625C24070BEBE4E3463E9	1FA5AA5BABFDC947A040F3906E2B4F0CE91032BFC99625C24070BEBE4E3463E9
raccoonman/reterraforged/world/worldgen/feature/template/buffer/BufferIterator.class	38D6EEC8E722EBE9EE09A3EF3DE96F8CC2C5EEDD793407CF8C1419127F108A9C	38D6EEC8E722EBE9EE09A3EF3DE96F8CC2C5EEDD793407CF8C1419127F108A9C
raccoonman/reterraforged/world/worldgen/feature/template/buffer/PasteBuffer.class	AC45A24C36F3920A75B8F3224A8721578A2BBE8F731CCA4BDFA00EFC48DE08DC	AC45A24C36F3920A75B8F3224A8721578A2BBE8F731CCA4BDFA00EFC48DE08DC
raccoonman/reterraforged/world/worldgen/feature/template/buffer/TemplateBuffer.class	666DB5512114E0C957706F50AF0E27BACE1F802D5F09C0F698E5E97098B55B62	666DB5512114E0C957706F50AF0E27BACE1F802D5F09C0F698E5E97098B55B62
raccoonman/reterraforged/world/worldgen/feature/template/decorator/DecoratorConfig.class	785B09E53307FB4092E1BFA78FA1A5B0D4DE67056C6613F6BA1D3FFB4AA7E203	785B09E53307FB4092E1BFA78FA1A5B0D4DE67056C6613F6BA1D3FFB4AA7E203
raccoonman/reterraforged/world/worldgen/feature/template/decorator/TemplateDecorator.class	32F190DCD85B3D0165A3291CB9A7E320DF283A97095C81E9F81695CF61E22861	32F190DCD85B3D0165A3291CB9A7E320DF283A97095C81E9F81695CF61E22861
raccoonman/reterraforged/world/worldgen/feature/template/decorator/TemplateDecorators.class	CFF163BF314A04B89B59E7BBD7F81E8ED9440CFBFF5D505601B0032B6A8BF3B3	CFF163BF314A04B89B59E7BBD7F81E8ED9440CFBFF5D505601B0032B6A8BF3B3
raccoonman/reterraforged/world/worldgen/feature/template/decorator/TreeContext.class	A311521783C90417240D25B15E64F86B45593DE90178D9E5CE49DF0054A0130B	A311521783C90417240D25B15E64F86B45593DE90178D9E5CE49DF0054A0130B
raccoonman/reterraforged/world/worldgen/feature/template/decorator/TreeDecorator.class	49F825B94E6E63ED235733D9D169AA9F4D5917438A2A5803C264FED1D954E53B	49F825B94E6E63ED235733D9D169AA9F4D5917438A2A5803C264FED1D954E53B
raccoonman/reterraforged/world/worldgen/feature/template/paste/Paste.class	24421F6811393AC240BDE3359F1ABEFFDEBDACFA979B1423098670C357589408	24421F6811393AC240BDE3359F1ABEFFDEBDACFA979B1423098670C357589408
raccoonman/reterraforged/world/worldgen/feature/template/paste/PasteConfig.class	727B289282DB985416F79B9F9B0CC6D423D5B18A9BBB33A4736450291CFF408A	727B289282DB985416F79B9F9B0CC6D423D5B18A9BBB33A4736450291CFF408A
raccoonman/reterraforged/world/worldgen/feature/template/paste/PasteType.class	C24B1259B2A01D81327960D468FF7EE771A07A05437E68245DF8101F56B9A1C7	C24B1259B2A01D81327960D468FF7EE771A07A05437E68245DF8101F56B9A1C7
raccoonman/reterraforged/world/worldgen/feature/template/placement/AnyPlacement.class	A9220D4D611454768CD048F8FDCA87676A447A1414D4979170B7E867F697AA12	A9220D4D611454768CD048F8FDCA87676A447A1414D4979170B7E867F697AA12
raccoonman/reterraforged/world/worldgen/feature/template/placement/TemplatePlacement.class	C2A0DAE1A80F5FF947E3806B5F06AE96A6A856DD04FF8D1AB6A5A449F17A1DC0	C2A0DAE1A80F5FF947E3806B5F06AE96A6A856DD04FF8D1AB6A5A449F17A1DC0
raccoonman/reterraforged/world/worldgen/feature/template/placement/TemplatePlacements.class	F59D67524027AC64C28D041A897C7A966592A9C25EDDC84BA056D48D1C24D065	F59D67524027AC64C28D041A897C7A966592A9C25EDDC84BA056D48D1C24D065
raccoonman/reterraforged/world/worldgen/feature/template/placement/TreePlacement.class	A439101932781B63AEFC5AB38AABD54000CBBC5B0A7A57E263B156C1237DFD72	A439101932781B63AEFC5AB38AABD54000CBBC5B0A7A57E263B156C1237DFD72
raccoonman/reterraforged/world/worldgen/feature/template/template/BakedDimensions.class	DFB23F18C0D065F845541B374814F0CDA4AC26F5AEC3C3C0D2455105FA462442	DFB23F18C0D065F845541B374814F0CDA4AC26F5AEC3C3C0D2455105FA462442
raccoonman/reterraforged/world/worldgen/feature/template/template/BakedTemplate.class	E956BF3FFD7A7922B0E08B02395C86F679B65E08BF6ACCCB2F1E4BFBDEED05C0	E956BF3FFD7A7922B0E08B02395C86F679B65E08BF6ACCCB2F1E4BFBDEED05C0
raccoonman/reterraforged/world/worldgen/feature/template/template/BakedTransform.class	EF66D301BFBDE110135F61DE82B893B2916EF16653D80E07D753B1AE5342A526	EF66D301BFBDE110135F61DE82B893B2916EF16653D80E07D753B1AE5342A526
raccoonman/reterraforged/world/worldgen/feature/template/template/BlockInfo.class	160647C71E043D9142E2E22AD147C9825A9EFEFFEF36F2EFC47298200CBB6870	160647C71E043D9142E2E22AD147C9825A9EFEFFEF36F2EFC47298200CBB6870
raccoonman/reterraforged/world/worldgen/feature/template/template/Dimensions.class	B116B3FC4160FF5FA349AEEE1C6BEAEA77BABDA09FF0CBCBEFE2EED28A462D58	B116B3FC4160FF5FA349AEEE1C6BEAEA77BABDA09FF0CBCBEFE2EED28A462D58
raccoonman/reterraforged/world/worldgen/feature/template/template/FeatureTemplate$1.class	BFD57265FA6CA1EAF0532DF838840FC995008E9DAFAC58A477BB87B535D7A429	BFD57265FA6CA1EAF0532DF838840FC995008E9DAFAC58A477BB87B535D7A429
raccoonman/reterraforged/world/worldgen/feature/template/template/FeatureTemplate$2.class	A2670A9DF1F8BD25B8A518578D60E690C9B62B2D92C80CB67DCE7260F908105D	A2670A9DF1F8BD25B8A518578D60E690C9B62B2D92C80CB67DCE7260F908105D
raccoonman/reterraforged/world/worldgen/feature/template/template/FeatureTemplate$3.class	F2991848AEE5932FA34143FBD96CBA6C6D397E0577E035A6E13813D96FE535BD	F2991848AEE5932FA34143FBD96CBA6C6D397E0577E035A6E13813D96FE535BD
raccoonman/reterraforged/world/worldgen/feature/template/template/FeatureTemplate$BlockSetter.class	DDB52AB9537EFE47AD895CF5FF6B098BB7DE2943C9E13C7B07D00F9512027EB5	DDB52AB9537EFE47AD895CF5FF6B098BB7DE2943C9E13C7B07D00F9512027EB5
raccoonman/reterraforged/world/worldgen/feature/template/template/FeatureTemplate$PasteFunction.class	1212664BABBD7C74B4E2DD1617DD1C86E30C1A27B0CAD1CB2AC78F5EDA5895AF	1212664BABBD7C74B4E2DD1617DD1C86E30C1A27B0CAD1CB2AC78F5EDA5895AF
raccoonman/reterraforged/world/worldgen/feature/template/template/FeatureTemplate$PasteProvider.class	B11222F3210C99D8FE1A7EE5A3BCF6234079E8988686BF4A00D3E9D75B95B559	B11222F3210C99D8FE1A7EE5A3BCF6234079E8988686BF4A00D3E9D75B95B559
raccoonman/reterraforged/world/worldgen/feature/template/template/FeatureTemplate.class	CC26E81CD2200922845A3A4083A0A6C70A7DE0C5DFC7B150EFC2B02D4FB1C310	CC26E81CD2200922845A3A4083A0A6C70A7DE0C5DFC7B150EFC2B02D4FB1C310
raccoonman/reterraforged/world/worldgen/feature/template/template/FeatureTemplateManager.class	C21A82475B9B7472ED93A44F7ECC67044C721B61C7F7A947CFCFDA2F2ED5D16B	C21A82475B9B7472ED93A44F7ECC67044C721B61C7F7A947CFCFDA2F2ED5D16B
raccoonman/reterraforged/world/worldgen/feature/template/template/NoopTemplateContext.class	5D30ECA385B31C5887C4A06CF635CBDB23F965BB684E33870484EA8904D52008	5D30ECA385B31C5887C4A06CF635CBDB23F965BB684E33870484EA8904D52008
raccoonman/reterraforged/world/worldgen/feature/template/template/TemplateContext$Factory.class	243CA42864EAC29FCDA589F75959D4DA998F3BDBE1531C24A0DDDA298C07F13A	243CA42864EAC29FCDA589F75959D4DA998F3BDBE1531C24A0DDDA298C07F13A
raccoonman/reterraforged/world/worldgen/feature/template/template/TemplateContext.class	3FCC883E7AEB7CA9C32C57FBD6F500D99FA0F05F2E1F3A5A9E3BB49C5C03D772	3FCC883E7AEB7CA9C32C57FBD6F500D99FA0F05F2E1F3A5A9E3BB49C5C03D772
raccoonman/reterraforged/world/worldgen/feature/template/template/TemplateRegion.class	F2CC3BD3E1CA00AC924751AC726A52E29BAFE804B8EDCCEE255DC26FE3944338	F2CC3BD3E1CA00AC924751AC726A52E29BAFE804B8EDCCEE255DC26FE3944338
raccoonman/reterraforged/world/worldgen/feature/util/BlockReader.class	08E1959561B0CC9931D8B27B0F7D0FEA43576A25AD4E1EFDD903675EB776711A	08E1959561B0CC9931D8B27B0F7D0FEA43576A25AD4E1EFDD903675EB776711A
raccoonman/reterraforged/world/worldgen/feature/util/Range.class	B32AA3B08199132069B1725275CDFA386A36E939FF4130BB0A5293C3AE564669	B32AA3B08199132069B1725275CDFA386A36E939FF4130BB0A5293C3AE564669
raccoonman/reterraforged/world/worldgen/floatproviders/LegacyCanyonYScale.class	A684B201607090BA21EC65549F1D512F9B27299CDBC38F70B6B1A4FC6DFEC086	A684B201607090BA21EC65549F1D512F9B27299CDBC38F70B6B1A4FC6DFEC086
raccoonman/reterraforged/world/worldgen/floatproviders/RTFFloatProviderTypes.class	CAB71027773D476E8C5E4B84A8849959BE3D35F89B7DF8E812216DEB1ACDD730	CAB71027773D476E8C5E4B84A8849959BE3D35F89B7DF8E812216DEB1ACDD730
raccoonman/reterraforged/world/worldgen/heightproviders/LegacyCarverHeight.class	93504996B015FED7054D333EC4D5CA900C909D0B4FED6060C33845B3C1891A79	93504996B015FED7054D333EC4D5CA900C909D0B4FED6060C33845B3C1891A79
raccoonman/reterraforged/world/worldgen/heightproviders/RTFHeightProviderTypes.class	ADDE5819B6AB4279ADDF04F20350C644A7217B12D688681E4B1A88F3AC3A7A6A	ADDE5819B6AB4279ADDF04F20350C644A7217B12D688681E4B1A88F3AC3A7A6A
raccoonman/reterraforged/world/worldgen/noise/NoiseUtil$Vec2f.class	D30E2022ED80670C00027B6B1E773B27244B7E23CB697410BA754456816987AB	D30E2022ED80670C00027B6B1E773B27244B7E23CB697410BA754456816987AB
raccoonman/reterraforged/world/worldgen/noise/NoiseUtil$Vec2i.class	EE64EFDE839F0E4622E2E7902773849BAF44A35D26A99FA19E5D258B29565BB5	EE64EFDE839F0E4622E2E7902773849BAF44A35D26A99FA19E5D258B29565BB5
raccoonman/reterraforged/world/worldgen/noise/NoiseUtil.class	B17CA191DB834056C1F65310E816C7E5E3B1BD3C2BDC1C9DC9C4C4C0F441D443	B17CA191DB834056C1F65310E816C7E5E3B1BD3C2BDC1C9DC9C4C4C0F441D443
raccoonman/reterraforged/world/worldgen/noise/domain/AddWarp.class	ED8880CDCFCD8BF5A44B1774F3E3C0C35613BB60A9EA4425DE7C7F9AA8222F1F	ED8880CDCFCD8BF5A44B1774F3E3C0C35613BB60A9EA4425DE7C7F9AA8222F1F
raccoonman/reterraforged/world/worldgen/noise/domain/CompoundWarp.class	98332CF321368430C25D1815099A5A98070A6CA90DB437450ECC9ED775CC849D	98332CF321368430C25D1815099A5A98070A6CA90DB437450ECC9ED775CC849D
raccoonman/reterraforged/world/worldgen/noise/domain/DirectionWarp.class	06FFD45E658F84EECF471513C7DA311F287E5472A5B17AB25DB16217E5252E03	06FFD45E658F84EECF471513C7DA311F287E5472A5B17AB25DB16217E5252E03
raccoonman/reterraforged/world/worldgen/noise/domain/DirectWarp.class	B897AD4FBB07A999DD1F21F9FCEE15A611139C7578438DEAA221B0123AAA913B	B897AD4FBB07A999DD1F21F9FCEE15A611139C7578438DEAA221B0123AAA913B
raccoonman/reterraforged/world/worldgen/noise/domain/Domain.class	AB6E983269B70FA46B528F5214EC5592D3F6F0372CA91947412A49DEF965B0C7	AB6E983269B70FA46B528F5214EC5592D3F6F0372CA91947412A49DEF965B0C7
raccoonman/reterraforged/world/worldgen/noise/domain/Domains.class	BDD832409E41E62B3D9BCEBED8951595B48309AE6B232E678AF97754FF1521A9	BDD832409E41E62B3D9BCEBED8951595B48309AE6B232E678AF97754FF1521A9
raccoonman/reterraforged/world/worldgen/noise/domain/DomainWarp.class	74D122BA213A45D76AAEF3CA445FD13D3EFD581833FA40450411679B42B2B66C	74D122BA213A45D76AAEF3CA445FD13D3EFD581833FA40450411679B42B2B66C
raccoonman/reterraforged/world/worldgen/noise/function/CellFunction$1.class	1CFFE1E74C2F2ED6CD08FD4AD1AD0E1C2B7F1BD47E378CC0B325F56398FF3D2F	1CFFE1E74C2F2ED6CD08FD4AD1AD0E1C2B7F1BD47E378CC0B325F56398FF3D2F
raccoonman/reterraforged/world/worldgen/noise/function/CellFunction$2.class	F96EABEC2D6DD93DFE253F3E46C48EA452F67FA3ECA58242C7F28D9681DF2F51	F96EABEC2D6DD93DFE253F3E46C48EA452F67FA3ECA58242C7F28D9681DF2F51
raccoonman/reterraforged/world/worldgen/noise/function/CellFunction$3.class	DB15EBFE10C9E79DA53DE7E74A4C647E658A01DE3BAA8B292AF643D48CCCE7C3	DB15EBFE10C9E79DA53DE7E74A4C647E658A01DE3BAA8B292AF643D48CCCE7C3
raccoonman/reterraforged/world/worldgen/noise/function/CellFunction.class	136D39C497A8B0069E4968B65322DF6ECEC46554A1AB48ED993B42F8DF312D0A	136D39C497A8B0069E4968B65322DF6ECEC46554A1AB48ED993B42F8DF312D0A
raccoonman/reterraforged/world/worldgen/noise/function/CurveFunction.class	9DBB0395C382B398E18CA3E8F81C5B10D69A7BC1621D809B41BC90717E580FF2	9DBB0395C382B398E18CA3E8F81C5B10D69A7BC1621D809B41BC90717E580FF2
raccoonman/reterraforged/world/worldgen/noise/function/CurveFunctions.class	925EFBF2DC01E1D6025A323307BAF6E8CF62C8A33A8689A3BA93ABD9986A460B	925EFBF2DC01E1D6025A323307BAF6E8CF62C8A33A8689A3BA93ABD9986A460B
raccoonman/reterraforged/world/worldgen/noise/function/DistanceFunction$1.class	2A0474B10EE411495F5614C567FA555693A2FAB7357F262BC7EDA770A42DAE48	2A0474B10EE411495F5614C567FA555693A2FAB7357F262BC7EDA770A42DAE48
raccoonman/reterraforged/world/worldgen/noise/function/DistanceFunction$2.class	386BCD70DAC10399D149B396D7D1E0304A847842FDEE923656B1EA424A1E9F7F	386BCD70DAC10399D149B396D7D1E0304A847842FDEE923656B1EA424A1E9F7F
raccoonman/reterraforged/world/worldgen/noise/function/DistanceFunction$3.class	9FB187F8A0B2D01AA9610DE5137E22683B2797FC7A151E8385B32EAC8060085F	9FB187F8A0B2D01AA9610DE5137E22683B2797FC7A151E8385B32EAC8060085F
raccoonman/reterraforged/world/worldgen/noise/function/DistanceFunction.class	7195F730FE4ABFC8399F2B412ACC1B8415CD0034BE56BF5D6AE1C226FED00262	7195F730FE4ABFC8399F2B412ACC1B8415CD0034BE56BF5D6AE1C226FED00262
raccoonman/reterraforged/world/worldgen/noise/function/EdgeFunction$1.class	D1EA35DB4EDADFB263B65D034FE678B70193B20DBA1E6774705FAF93C0939E1A	D1EA35DB4EDADFB263B65D034FE678B70193B20DBA1E6774705FAF93C0939E1A
raccoonman/reterraforged/world/worldgen/noise/function/EdgeFunction$2.class	403B3C2B425C1D782B36124490D4B718DD569643A1E0E92C7D20AFD67A870188	403B3C2B425C1D782B36124490D4B718DD569643A1E0E92C7D20AFD67A870188
raccoonman/reterraforged/world/worldgen/noise/function/EdgeFunction$3.class	238EFA78E008C958A38DACAF3017490605D59ECFCF2412F55F005DD77F6F0F65	238EFA78E008C958A38DACAF3017490605D59ECFCF2412F55F005DD77F6F0F65
raccoonman/reterraforged/world/worldgen/noise/function/EdgeFunction$4.class	A831549C0AF29B0094031C1E2EC8A6E144397281EE29B6D9DF976DACD3643AB8	A831549C0AF29B0094031C1E2EC8A6E144397281EE29B6D9DF976DACD3643AB8
raccoonman/reterraforged/world/worldgen/noise/function/EdgeFunction$5.class	91B855AC2EA37254C6E27761A93EFC2507255C5D203F3F8C2660DCE9BDC6406A	91B855AC2EA37254C6E27761A93EFC2507255C5D203F3F8C2660DCE9BDC6406A
raccoonman/reterraforged/world/worldgen/noise/function/EdgeFunction.class	204FB77DC2BF6D539C3A8B24CA1924F4398B505B3ADD334BB449011D5DFFAC3D	204FB77DC2BF6D539C3A8B24CA1924F4398B505B3ADD334BB449011D5DFFAC3D
raccoonman/reterraforged/world/worldgen/noise/function/Interpolation$1.class	2902189A80CA7BC76DE94410EBD11113F24A5457DAAE3E8A4BD096E5242BCF8D	2902189A80CA7BC76DE94410EBD11113F24A5457DAAE3E8A4BD096E5242BCF8D
raccoonman/reterraforged/world/worldgen/noise/function/Interpolation$2.class	8214364F28E495E40C6A36D72AAC71641DD6D9D92BC650E49D60AEAD0411DEA7	8214364F28E495E40C6A36D72AAC71641DD6D9D92BC650E49D60AEAD0411DEA7
raccoonman/reterraforged/world/worldgen/noise/function/Interpolation$3.class	00F327E37BB1F79D128D52FD63B5DF352D5507D69D596FE0962EAB495FD95069	00F327E37BB1F79D128D52FD63B5DF352D5507D69D596FE0962EAB495FD95069
raccoonman/reterraforged/world/worldgen/noise/function/Interpolation.class	50A3115B5736F42D7DB485D770DDD2C13EF32C9B4897892A0F6D0FE056447BBF	50A3115B5736F42D7DB485D770DDD2C13EF32C9B4897892A0F6D0FE056447BBF
raccoonman/reterraforged/world/worldgen/noise/function/SCurveFunction.class	EEFD2E5021440FC37BB485A533C3E79995E4F544FC1AA9089906BADDD898E41F	EEFD2E5021440FC37BB485A533C3E79995E4F544FC1AA9089906BADDD898E41F
raccoonman/reterraforged/world/worldgen/noise/module/Abs.class	B8A420553C3D64DCA74A2A5FEA819FD4E70523DDD5F34437C3C2030192E95FF9	B8A420553C3D64DCA74A2A5FEA819FD4E70523DDD5F34437C3C2030192E95FF9
raccoonman/reterraforged/world/worldgen/noise/module/Add.class	B93B1BBBDA67AB4A05B3AFE172F83B11EB100A3893DEAE353181063B326FEF60	B93B1BBBDA67AB4A05B3AFE172F83B11EB100A3893DEAE353181063B326FEF60
raccoonman/reterraforged/world/worldgen/noise/module/AdvancedTerrace.class	09AA15711424A87E5B608CD80D600DA47769B4AF8B691054FEDD0F0BC03D4FF8	09AA15711424A87E5B608CD80D600DA47769B4AF8B691054FEDD0F0BC03D4FF8
raccoonman/reterraforged/world/worldgen/noise/module/Alpha.class	9C41312051478FECA9A9BF3EB994F57FAC6632D9BA6CDD833FC9BA867C5A7903	9C41312051478FECA9A9BF3EB994F57FAC6632D9BA6CDD833FC9BA867C5A7903
raccoonman/reterraforged/world/worldgen/noise/module/Billow.class	F73CBC5F9AFABA7690D5984A21F8BD75972D972C837733B57A403C243569CFA0	F73CBC5F9AFABA7690D5984A21F8BD75972D972C837733B57A403C243569CFA0
raccoonman/reterraforged/world/worldgen/noise/module/Blend.class	CFF97EC82B2AD966223AC60B9B33B7B9575CDFC98B0963CFA23D246C17AF6BDB	CFF97EC82B2AD966223AC60B9B33B7B9575CDFC98B0963CFA23D246C17AF6BDB
raccoonman/reterraforged/world/worldgen/noise/module/Boost.class	E4A8FB6ED44003A5099885095F2B289ABE5F293D9ED13FA25C3ADCAA2724BBF9	E4A8FB6ED44003A5099885095F2B289ABE5F293D9ED13FA25C3ADCAA2724BBF9
raccoonman/reterraforged/world/worldgen/noise/module/Cache2d$Cached.class	96C1AFEDFA84B84630BF024D8C7AB3B6ECF18B481FE64BBAAE17EDDA070DF617	96C1AFEDFA84B84630BF024D8C7AB3B6ECF18B481FE64BBAAE17EDDA070DF617
raccoonman/reterraforged/world/worldgen/noise/module/Cache2d.class	A8F492AAEBFD1BE39CFFFE6D6E4DD66F0DA3972011A92708C56DFD1A2B6C5452	A8F492AAEBFD1BE39CFFFE6D6E4DD66F0DA3972011A92708C56DFD1A2B6C5452
raccoonman/reterraforged/world/worldgen/noise/module/Clamp.class	FEEF5F0D038910760A8D223F509423314EA7BAFB013916F1A7B73B1FA1236799	FEEF5F0D038910760A8D223F509423314EA7BAFB013916F1A7B73B1FA1236799
raccoonman/reterraforged/world/worldgen/noise/module/Constant.class	A15320E2C57896E660E0A93AA91ADE2E8F20BB31E169890ADFEEAA1A2E9D7A6B	A15320E2C57896E660E0A93AA91ADE2E8F20BB31E169890ADFEEAA1A2E9D7A6B
raccoonman/reterraforged/world/worldgen/noise/module/Cubic.class	BBE8F8891D3C2A516A409CF4C1CC16D1FF0A0357641FEFD49ECBCA1EA2EC974F	BBE8F8891D3C2A516A409CF4C1CC16D1FF0A0357641FEFD49ECBCA1EA2EC974F
raccoonman/reterraforged/world/worldgen/noise/module/Curve.class	204F44C5C2D2F6F77C6BAE8352ADA6042C77D32EAEC09689B03478D61E74D7FB	204F44C5C2D2F6F77C6BAE8352ADA6042C77D32EAEC09689B03478D61E74D7FB
raccoonman/reterraforged/world/worldgen/noise/module/Erosion$BlendMode$1.class	F9EE76BAC8CF4FD1433313B1DBDA6F925C37EDF46674932580E941AF9BC18CA4	F9EE76BAC8CF4FD1433313B1DBDA6F925C37EDF46674932580E941AF9BC18CA4
raccoonman/reterraforged/world/worldgen/noise/module/Erosion$BlendMode$2.class	6B7F8250C7C3C1D1E5DFA3FD838D42354860A1DC1C617EAB7D0114051E7FEAB9	6B7F8250C7C3C1D1E5DFA3FD838D42354860A1DC1C617EAB7D0114051E7FEAB9
raccoonman/reterraforged/world/worldgen/noise/module/Erosion$BlendMode$3.class	2B7415FD0FFDCA45794F7B04BD5D391D9E7E02C98A265ABAE93F94BA0C9BBB31	2B7415FD0FFDCA45794F7B04BD5D391D9E7E02C98A265ABAE93F94BA0C9BBB31
raccoonman/reterraforged/world/worldgen/noise/module/Erosion$BlendMode.class	A7A98BC05B07005A9A823324AFE702C4739B478F6794FC47684F8D1FE1D817F0	A7A98BC05B07005A9A823324AFE702C4739B478F6794FC47684F8D1FE1D817F0
raccoonman/reterraforged/world/worldgen/noise/module/Erosion.class	5D41AE671F121E4FB518EE51012B2A41BE73404D99253C08AB0D879B39FFA75C	5D41AE671F121E4FB518EE51012B2A41BE73404D99253C08AB0D879B39FFA75C
raccoonman/reterraforged/world/worldgen/noise/module/Frequency.class	FE99711D8C03FDDF85E81A3A6D0DDD47A333192CD574031E4454CE7CB39E02D6	FE99711D8C03FDDF85E81A3A6D0DDD47A333192CD574031E4454CE7CB39E02D6
raccoonman/reterraforged/world/worldgen/noise/module/Gradient.class	6909E6FB39F0BC5C542EEE88A8CA3CF94E61945957D8C103D35B9003272BC073	6909E6FB39F0BC5C542EEE88A8CA3CF94E61945957D8C103D35B9003272BC073
raccoonman/reterraforged/world/worldgen/noise/module/Invert.class	FA53A2CE883C0A1123F4808960E7ABD5559AAA7F1C44AA0E1F6D4561999F4897	FA53A2CE883C0A1123F4808960E7ABD5559AAA7F1C44AA0E1F6D4561999F4897
raccoonman/reterraforged/world/worldgen/noise/module/LegacyMoisture.class	910EE602F2367FEBB9DF1D60E695C4B41477F16FF0AD854E79910939100A3479	910EE602F2367FEBB9DF1D60E695C4B41477F16FF0AD854E79910939100A3479
raccoonman/reterraforged/world/worldgen/noise/module/LegacyTemperature.class	768266475358B74B8FDE56CACFBBEEB03E028D7084C6981F81F3EE7D582B4FBE	768266475358B74B8FDE56CACFBBEEB03E028D7084C6981F81F3EE7D582B4FBE
raccoonman/reterraforged/world/worldgen/noise/module/Line.class	81969E5C926DAFF78E60A849F6CFBC9F2F51A1113C8BDCA3ECF6503848DDC940	81969E5C926DAFF78E60A849F6CFBC9F2F51A1113C8BDCA3ECF6503848DDC940
raccoonman/reterraforged/world/worldgen/noise/module/LinearSpline$Builder.class	D6411E3CB8E411242CF8978E173D57421E7361C0F9AA7B852F3C9AD0FE763E1C	D6411E3CB8E411242CF8978E173D57421E7361C0F9AA7B852F3C9AD0FE763E1C
raccoonman/reterraforged/world/worldgen/noise/module/LinearSpline.class	3EF9F36CD8E7D935D4DCD39D7F13AE32A19692A16EF6A82ECEA5CCF0F8771B5E	3EF9F36CD8E7D935D4DCD39D7F13AE32A19692A16EF6A82ECEA5CCF0F8771B5E
raccoonman/reterraforged/world/worldgen/noise/module/Map.class	7AEB6A22139249D70202D0E193D297EE2012FE1B78D690BD424A326A78F73C39	7AEB6A22139249D70202D0E193D297EE2012FE1B78D690BD424A326A78F73C39
raccoonman/reterraforged/world/worldgen/noise/module/Max.class	1C8C0852D1CE16CB5A88A83B3C278D3D37FF06F88CD49884C85EF1EB1FB3FEFB	1C8C0852D1CE16CB5A88A83B3C278D3D37FF06F88CD49884C85EF1EB1FB3FEFB
raccoonman/reterraforged/world/worldgen/noise/module/Min.class	E338CB810532451A246D074A664E37166493988496841B1906D5234DA17AB07B	E338CB810532451A246D074A664E37166493988496841B1906D5234DA17AB07B
raccoonman/reterraforged/world/worldgen/noise/module/Multiply.class	0A4FA3B81575E5815482FDEC9BE0E00F2CDC4F97A4AD33643EA38D1B5B0A0FBD	0A4FA3B81575E5815482FDEC9BE0E00F2CDC4F97A4AD33643EA38D1B5B0A0FBD
raccoonman/reterraforged/world/worldgen/noise/module/Noise$Visitor.class	E0F5ADCA17202DF324F5F563A61DBA0EEF4B4CCB3EA649608E343B63D8C97505	E0F5ADCA17202DF324F5F563A61DBA0EEF4B4CCB3EA649608E343B63D8C97505
raccoonman/reterraforged/world/worldgen/noise/module/Noise.class	2A30F4FB9396835F67B7510B3C3A9F7562D4D68A9E3E63EABA7642898C96C7E2	2A30F4FB9396835F67B7510B3C3A9F7562D4D68A9E3E63EABA7642898C96C7E2
raccoonman/reterraforged/world/worldgen/noise/module/Noises$HolderHolder.class	A58A7EE013841A9F258FEE3A9DCF3BE0372D9F5DEAB8DFE013681CC62E7857B8	A58A7EE013841A9F258FEE3A9DCF3BE0372D9F5DEAB8DFE013681CC62E7857B8
raccoonman/reterraforged/world/worldgen/noise/module/Noises.class	C71C5AA37EA12DCDB13B5ACE5F06FB89D2FE9F44FA2FB0317D90B0C438C6470C	C71C5AA37EA12DCDB13B5ACE5F06FB89D2FE9F44FA2FB0317D90B0C438C6470C
raccoonman/reterraforged/world/worldgen/noise/module/Perlin.class	0B153171143A6D8892AB8AE5AF593685E583477DE024201DD4A94D369746EB78	0B153171143A6D8892AB8AE5AF593685E583477DE024201DD4A94D369746EB78
raccoonman/reterraforged/world/worldgen/noise/module/Perlin2.class	C90A5E8F15F34F027FD27C32F4E860C462D33F0725E4A35BE124650D291997E5	C90A5E8F15F34F027FD27C32F4E860C462D33F0725E4A35BE124650D291997E5
raccoonman/reterraforged/world/worldgen/noise/module/PerlinRidge.class	1AA8936E64E179A5D603912D5023E491A1E94D19F8F5AA310FB3B22B11B082AD	1AA8936E64E179A5D603912D5023E491A1E94D19F8F5AA310FB3B22B11B082AD
raccoonman/reterraforged/world/worldgen/noise/module/Power.class	5426A87C1F435915726FE5E40E6404F32425BDB6EBD8D208F2C2C2FE919A7F7D	5426A87C1F435915726FE5E40E6404F32425BDB6EBD8D208F2C2C2FE919A7F7D
raccoonman/reterraforged/world/worldgen/noise/module/PowerCurve.class	2D40B95B34EBCD2CD5DFAC00D37B7434C14B2D618B7331072F8F0FD16C730C35	2D40B95B34EBCD2CD5DFAC00D37B7434C14B2D618B7331072F8F0FD16C730C35
raccoonman/reterraforged/world/worldgen/noise/module/ShiftSeed.class	1FD0DC9B054916666919FE84E0DAFBA9A3ADFA79F4D90E5A9179A1F6B35061A1	1FD0DC9B054916666919FE84E0DAFBA9A3ADFA79F4D90E5A9179A1F6B35061A1
raccoonman/reterraforged/world/worldgen/noise/module/Simplex.class	BC2DFFBAC39E1484741017F49DF4856E4F8FDB868B7A4E27BD468158700F50C3	BC2DFFBAC39E1484741017F49DF4856E4F8FDB868B7A4E27BD468158700F50C3
raccoonman/reterraforged/world/worldgen/noise/module/Simplex2.class	6C79123FFBBB3443FF86A2029E7E74F54FE9D3D4BEFCA0E5D64BDCEC8D3EF51A	6C79123FFBBB3443FF86A2029E7E74F54FE9D3D4BEFCA0E5D64BDCEC8D3EF51A
raccoonman/reterraforged/world/worldgen/noise/module/SimplexRidge.class	B902D5B45214490337A794CD1193E293F117374FF1EB207133B183C601AE722D	B902D5B45214490337A794CD1193E293F117374FF1EB207133B183C601AE722D
raccoonman/reterraforged/world/worldgen/noise/module/Sin.class	BDC11EE1BF0E1C1CAEAB791B9EBB16D937699A88397F83889A4D6DEB0A90A0FD	BDC11EE1BF0E1C1CAEAB791B9EBB16D937699A88397F83889A4D6DEB0A90A0FD
raccoonman/reterraforged/world/worldgen/noise/module/Steps.class	32811AA434865812B010F75AD0AEBE0A3E5D3759BF41F7A991E7F415D965E708	32811AA434865812B010F75AD0AEBE0A3E5D3759BF41F7A991E7F415D965E708
raccoonman/reterraforged/world/worldgen/noise/module/Terrace$Step.class	C00DCF39414F0C10218CF79275AB98C6DE41B9755EAF72B51588A471EAAC1F5C	C00DCF39414F0C10218CF79275AB98C6DE41B9755EAF72B51588A471EAAC1F5C
raccoonman/reterraforged/world/worldgen/noise/module/Terrace.class	2E5A1993B6F3E7A176DA0B76AEE204BDB203A97EA729F98145AE26F68812C8D8	2E5A1993B6F3E7A176DA0B76AEE204BDB203A97EA729F98145AE26F68812C8D8
raccoonman/reterraforged/world/worldgen/noise/module/Threshold.class	622C551690EAC491A1C14EAFF317BB8FD4C2F35D7D3FDCAC6DA7AECDE7EB7A71	622C551690EAC491A1C14EAFF317BB8FD4C2F35D7D3FDCAC6DA7AECDE7EB7A71
raccoonman/reterraforged/world/worldgen/noise/module/Warp.class	7CFA8747EDBCE052F218EC7B829F3705FE1F09B5EAE6599DA5CDF507BCEC534F	7CFA8747EDBCE052F218EC7B829F3705FE1F09B5EAE6599DA5CDF507BCEC534F
raccoonman/reterraforged/world/worldgen/noise/module/White.class	4AB921BB26627EFF489933192AA673D276124533BF373AB7A17B08221E24AD97	4AB921BB26627EFF489933192AA673D276124533BF373AB7A17B08221E24AD97
raccoonman/reterraforged/world/worldgen/noise/module/Worley.class	5A0EF19246FDF4A94985EA8DD95D86A681862B2A54D46C6D64618BFD3EF7B16F	5A0EF19246FDF4A94985EA8DD95D86A681862B2A54D46C6D64618BFD3EF7B16F
raccoonman/reterraforged/world/worldgen/noise/module/WorleyEdge.class	7B6DEA6CE3DDAEFC90903FA7A4E0F47E570BCBBD08E3EBAF58B61680C4C212CD	7B6DEA6CE3DDAEFC90903FA7A4E0F47E570BCBBD08E3EBAF58B61680C4C212CD
raccoonman/reterraforged/world/worldgen/structure/rule/CellTest.class	C2890EA47E167649E0225AE798AA694743894206C4FF91C70A769076557664AE	C2890EA47E167649E0225AE798AA694743894206C4FF91C70A769076557664AE
raccoonman/reterraforged/world/worldgen/structure/rule/StructureRule.class	E755F9FC94835175A0E1795F2F59B6FC157309CFEA919E83E2595F9AD4A70F9C	E755F9FC94835175A0E1795F2F59B6FC157309CFEA919E83E2595F9AD4A70F9C
raccoonman/reterraforged/world/worldgen/structure/rule/StructureRules.class	A35B7623B050EC1578C4E78ACA550CD3E84B57342C412062C6D3028F4C483E42	A35B7623B050EC1578C4E78ACA550CD3E84B57342C412062C6D3028F4C483E42
raccoonman/reterraforged/world/worldgen/surface/RTFSurfaceSystem.class	B9C1424ACC261613E644AC43DF45D55B898BAFE7606082BA8574DB7DED0C0244	B9C1424ACC261613E644AC43DF45D55B898BAFE7606082BA8574DB7DED0C0244
raccoonman/reterraforged/world/worldgen/surface/rule/RTFSurfaceRules.class	F0DD8EBB1D2A0EDA85C65930D3619A6249C71DA8F4E0745D683B8E6A66B7B80B	F0DD8EBB1D2A0EDA85C65930D3619A6249C71DA8F4E0745D683B8E6A66B7B80B
raccoonman/reterraforged/world/worldgen/surface/rule/StrataRule$Layer.class	728991A85B26B88334B8FBD55B6D7FC62BF659A4178B3450D0960C980097B24A	728991A85B26B88334B8FBD55B6D7FC62BF659A4178B3450D0960C980097B24A
raccoonman/reterraforged/world/worldgen/surface/rule/StrataRule$Source.class	1398917465F9DBD9A6F4F1CE76F381A346B6A17FF01C2ACE8D99295184BD8503	1398917465F9DBD9A6F4F1CE76F381A346B6A17FF01C2ACE8D99295184BD8503
raccoonman/reterraforged/world/worldgen/surface/rule/StrataRule$Strata.class	54209D8312345452742314AB77630BB137E67CC8E2CE396F5B22C42D072024BA	54209D8312345452742314AB77630BB137E67CC8E2CE396F5B22C42D072024BA
raccoonman/reterraforged/world/worldgen/surface/rule/StrataRule.class	C9A29FA0A45D4BDD4010C0E68AB5359404428299D9E29AE3F3861E6B0CAC7E9B	C9A29FA0A45D4BDD4010C0E68AB5359404428299D9E29AE3F3861E6B0CAC7E9B
raccoonman/reterraforged/world/worldgen/terrablender/TBClimateSampler.class	89E283E07C62C2AB6E3D43A34DBFC5B2237A2EA676A2609974074893EB1F7984	89E283E07C62C2AB6E3D43A34DBFC5B2237A2EA676A2609974074893EB1F7984
raccoonman/reterraforged/world/worldgen/terrablender/TBCompat.class	1FB28E41B9E751AC8AE27C4A6609051640786BD387AC2D32EEFABF08E402A62A	1FB28E41B9E751AC8AE27C4A6609051640786BD387AC2D32EEFABF08E402A62A
raccoonman/reterraforged/world/worldgen/terrablender/TBTargetPoint.class	46F8BE97719882C24CBBC42D6B65BBAC4E8D5CBCB110D1033324FCBA88A1EA1C	46F8BE97719882C24CBBC42D6B65BBAC4E8D5CBCB110D1033324FCBA88A1EA1C
raccoonman/reterraforged/world/worldgen/util/Boundsf$Builder.class	06185348581A85458171E29512671A4B72D2DDD4486AE667A5484CEDA83D71D6	06185348581A85458171E29512671A4B72D2DDD4486AE667A5484CEDA83D71D6
raccoonman/reterraforged/world/worldgen/util/Boundsf.class	95BCEDF4B864C6187A870ABD46AEDAEC9C20726D36323D1C988EE1272EC6CAEC	95BCEDF4B864C6187A870ABD46AEDAEC9C20726D36323D1C988EE1272EC6CAEC
raccoonman/reterraforged/world/worldgen/util/FastRandom.class	0D2F8AD6146A182E9F14F1FE76800363CD7E34CD24CC6E2157E4B9EDE89E150F	0D2F8AD6146A182E9F14F1FE76800363CD7E34CD24CC6E2157E4B9EDE89E150F
raccoonman/reterraforged/world/worldgen/util/PosUtil.class	22C875A8898A8798E6DA97686323376ED31B70DEDC54876092818D0CFC336CC7	22C875A8898A8798E6DA97686323376ED31B70DEDC54876092818D0CFC336CC7
raccoonman/reterraforged/world/worldgen/util/Scaling.class	B55CC6C644241566B3B2910C9F9431183A8ECFEBC90FB75735E455A3E58D83C5	B55CC6C644241566B3B2910C9F9431183A8ECFEBC90FB75735E455A3E58D83C5
raccoonman/reterraforged/world/worldgen/util/Seed.class	C6275E20F094E72B53A63C3A7B3BB38C2B76F6093B33D3F8FCE01FF0758BAE0D	C6275E20F094E72B53A63C3A7B3BB38C2B76F6093B33D3F8FCE01FF0758BAE0D
raccoonman/reterraforged/world/worldgen/util/Variance.class	4962A333EF7D626AA6EEC55197E27E0061491892159C68BCFDA23F369A655748	4962A333EF7D626AA6EEC55197E27E0061491892159C68BCFDA23F369A655748
