step,temperatureC,rainfallMm,evaporationMm,ratio,elevationBlocks,landform,winner,score,margin
0,11.358131054752459,900.0,760.4463589855443,1.183515430596083,0.0,PLAINS,minecraft:forest,0.9013080930439055,0.00585855621955278
1,11.228131054752458,900.0,758.1063589855443,1.1871685144605961,20.0,PLAINS,minecraft:forest,0.9060208150990371,0.0055965586256602196
2,11.098131054752459,900.0,755.7663589855442,1.1908442196448896,40.0,PLAINS,minecraft:forest,0.9107335371541685,0.0053345610317674375
3,10.968131054752458,900.0,753.4263589855443,1.1945427569216063,60.0,PLAINS,minecraft:forest,0.9154462592093001,0.005072563437874877
4,10.83813105475246,900.0,751.0863589855443,1.1982643396900272,80.0,PLAINS,minecraft:forest,0.9201589812644316,0.004810565843982206
5,10.708131054752458,900.0,748.7463589855442,1.2020091840171152,100.0,PLAINS,minecraft:forest,0.9248717033195631,0.004548568250089535
6,10.57813105475246,900.0,746.4063589855443,1.205777508679331,120.0,PLAINS,minecraft:forest,0.9295844253746947,0.004286570656196864
7,10.448131054752459,900.0,744.0663589855442,1.20956953520524,140.0,PLAINS,minecraft:forest,0.9342971474298263,0.004024573062304304
8,10.318131054752458,900.0,741.7263589855443,1.2133854879189219,160.0,PLAINS,minecraft:forest,0.9390098694849577,0.003762575468411522
9,10.188131054752459,900.0,739.3863589855442,1.217225593984208,180.0,PLAINS,minecraft:forest,0.9437225915400893,0.003500577874518962
10,10.058131054752458,900.0,737.0463589855442,1.22109008344976,200.0,PLAINS,minecraft:forest,0.9484353135952208,0.003238580280626291
11,9.928131054752459,900.0,734.7063589855443,1.224979189295009,220.0,PLAINS,minecraft:forest,0.9531480356503523,0.00297658268673362
12,9.798131054752458,900.0,732.3663589855443,1.2288931474769782,240.0,PLAINS,minecraft:forest,0.957860757705484,0.0027145850928410598
13,9.66813105475246,900.0,730.0263589855442,1.2328321969780018,260.0,PLAINS,minecraft:forest,0.9625734797606154,0.0024525874989483887
14,9.538131054752458,900.0,727.6863589855443,1.2367965798543694,280.0,PLAINS,minecraft:forest,0.967286201815747,0.0021905899050558286
15,9.40813105475246,900.0,725.3463589855443,1.2407865412859078,300.0,PLAINS,minecraft:forest,0.9719989238708784,0.0019285923111630465
16,9.278131054752459,900.0,723.0063589855442,1.244802329626529,320.0,HILLS,minecraft:forest,0.97671164592601,0.0016665947172703754
17,9.14813105475246,900.0,720.6663589855443,1.2488441964557595,340.0,HILLS,minecraft:forest,0.9814243679811416,0.0014045971233779264
18,9.018131054752459,900.0,718.3263589855443,1.2529123966312807,360.0,HILLS,minecraft:forest,0.986137090036273,0.0011425995294851443
19,8.888131054752458,900.0,715.9863589855443,1.257007188342496,380.0,HILLS,minecraft:forest,0.9908498120914045,8.806019355924732E-4
20,8.75813105475246,900.0,713.6463589855442,1.261128833165154,400.0,HILLS,minecraft:forest,0.9955625341465361,6.186043416996911E-4
21,8.628131054752458,900.0,711.3063589855442,1.2652775961170488,420.0,HILLS,minecraft:forest,1.0002752562016677,0.005331326396831315
22,8.49813105475246,900.0,708.9663589855443,1.2694537457148243,440.0,HILLS,minecraft:forest,1.0014534367154506,0.006509506910614249
23,8.368131054752459,900.0,706.6263589855442,1.2736575540319062,460.0,HILLS,minecraft:forest,1.0014534367154506,0.006509506910614249
24,8.23813105475246,900.0,704.2863589855442,1.277889296757589,480.0,HILLS,minecraft:forest,1.0014534367154506,0.006509506910614249
25,8.108131054752459,900.0,701.9463589855443,1.2821492532573053,500.0,HILLS,minecraft:forest,1.0014534367154506,0.006509506910614249
26,7.978131054752457,900.0,699.6063589855443,1.286437706634105,520.0,HILLS,minecraft:forest,1.0002123953275057,0.005268465522669352
27,7.848131054752458,900.0,697.2663589855442,1.290754943791371,540.0,HILLS,minecraft:old_growth_pine_taiga,0.9949439298048364,0.002108908127800957
28,7.718131054752459,900.0,694.9263589855443,1.2951012554968024,560.0,HILLS,minecraft:old_growth_pine_taiga,0.9949439298048364,0.008096412347043946
29,7.588131054752458,900.0,692.5863589855443,1.299476936447697,580.0,HILLS,minecraft:old_growth_pine_taiga,0.9949439298048364,0.008096412347043946
30,7.4581310547524575,900.0,690.2463589855442,1.3038822853375582,600.0,HILLS,minecraft:old_growth_pine_taiga,0.9949439298048364,0.008096412347043946
31,7.3281310547524585,900.0,687.9063589855442,1.3083176049240632,620.0,HILLS,minecraft:old_growth_pine_taiga,0.9949439298048364,0.008096412347043946
32,7.198131054752458,900.0,685.5663589855442,1.3127832020984236,640.0,HILLS,minecraft:old_growth_pine_taiga,0.9949439298048364,0.008096412347043946
33,7.068131054752457,900.0,683.2263589855443,1.3172793879561697,660.0,HILLS,minecraft:old_growth_pine_taiga,0.9949439298048364,0.008096412347043946
34,6.938131054752458,900.0,680.8863589855442,1.321806477869397,680.0,HILLS,minecraft:old_growth_pine_taiga,0.9949439298048364,0.008096412347043946
35,6.808131054752459,900.0,678.5463589855442,1.3263647915605037,700.0,HILLS,minecraft:old_growth_pine_taiga,0.9949439298048364,0.008096412347043946
36,6.678131054752458,900.0,676.2063589855443,1.3309546531774628,720.0,HILLS,minecraft:old_growth_pine_taiga,0.9949439298048364,0.008096412347043946
37,6.548131054752457,900.0,673.8663589855443,1.3355763913706615,740.0,HILLS,minecraft:old_growth_pine_taiga,0.9949439298048364,0.008096412347043946
38,6.418131054752458,900.0,671.5263589855442,1.3402303393713457,760.0,HILLS,minecraft:old_growth_pine_taiga,0.9949439298048364,0.008096412347043946
39,6.288131054752459,900.0,669.1863589855443,1.344916835071711,780.0,HILLS,minecraft:old_growth_pine_taiga,0.9949439298048364,0.008096412347043946
40,6.158131054752457,900.0,666.8463589855443,1.3496362211066821,800.0,HILLS,minecraft:old_growth_pine_taiga,0.9949439298048364,0.008096412347043946
41,6.028131054752458,900.0,664.5063589855442,1.3543888449374173,820.0,MOUNTAIN,minecraft:stony_peaks,1.0,1.0
42,5.898131054752459,900.0,662.1663589855443,1.3591750589365834,840.0,MOUNTAIN,minecraft:stony_peaks,1.0,1.0
43,5.768131054752458,900.0,659.8263589855443,1.3639952204754486,860.0,MOUNTAIN,minecraft:stony_peaks,1.0,1.0
44,5.638131054752457,900.0,657.4863589855443,1.3688496920128312,880.0,MOUNTAIN,minecraft:stony_peaks,1.0,1.0
45,5.508131054752458,900.0,655.1463589855442,1.3737388411859561,900.0,MOUNTAIN,minecraft:stony_peaks,1.0,1.0
46,5.378131054752459,900.0,652.8063589855443,1.3786630409032665,920.0,MOUNTAIN,minecraft:stony_peaks,1.0,1.0
47,5.2481310547524584,900.0,650.4663589855443,1.3836226694392373,940.0,MOUNTAIN,minecraft:stony_peaks,1.0,1.0
48,5.118131054752458,900.0,648.1263589855442,1.388618110531242,960.0,MOUNTAIN,minecraft:stony_peaks,1.0,1.0
49,4.988131054752459,900.0,645.7863589855442,1.3936497534785282,980.0,MOUNTAIN,minecraft:stony_peaks,1.0,1.0
50,4.858131054752458,900.0,643.4463589855443,1.398717993243349,1000.0,MOUNTAIN,minecraft:stony_peaks,1.0,1.0
51,4.728131054752459,900.0,641.1063589855443,1.4038232305543132,1020.0,MOUNTAIN,minecraft:stony_peaks,1.0,1.0
52,4.598131054752458,900.0,638.7663589855442,1.4089658720120037,1040.0,MOUNTAIN,minecraft:stony_peaks,1.0,1.0
53,4.468131054752459,900.0,636.4263589855443,1.4141463301969277,1060.0,MOUNTAIN,minecraft:stony_peaks,1.0,1.0
54,4.338131054752458,900.0,634.0863589855443,1.419365023779857,1080.0,MOUNTAIN,minecraft:stony_peaks,1.0,1.0
55,4.208131054752459,900.0,631.7463589855442,1.4246223776346196,1100.0,MOUNTAIN,minecraft:stony_peaks,1.0,1.0
56,4.0781310547524585,900.0,629.4063589855442,1.4299188229534088,1120.0,MOUNTAIN,minecraft:stony_peaks,1.0,1.0
57,3.94813105475246,900.0,627.0663589855443,1.4352547973646719,1140.0,MOUNTAIN,minecraft:stony_peaks,1.0,1.0
58,3.8181310547524587,900.0,624.7263589855443,1.4406307450536522,1160.0,MOUNTAIN,minecraft:stony_peaks,1.0,1.0
59,3.688131054752459,900.0,622.3863589855442,1.4460471168856446,1180.0,MOUNTAIN,minecraft:stony_peaks,1.0,1.0
60,3.558131054752459,900.0,620.0463589855442,1.451504370532047,1200.0,MOUNTAIN,minecraft:stony_peaks,1.0,1.0
61,3.428131054752459,900.0,617.7063589855443,1.4570029705992746,1220.0,MOUNTAIN,minecraft:stony_peaks,1.0,1.0
62,3.2981310547524583,900.0,615.3663589855443,1.4625433887606165,1240.0,MOUNTAIN,minecraft:stony_peaks,1.0,1.0
63,3.1681310547524593,900.0,613.0263589855442,1.46812610389111,1260.0,MOUNTAIN,minecraft:stony_peaks,1.0,1.0
64,3.0381310547524585,900.0,610.6863589855443,1.473751602205518,1280.0,MOUNTAIN,minecraft:stony_peaks,1.0,1.0
65,2.9081310547524595,900.0,608.3463589855443,1.4794203773994907,1300.0,MOUNTAIN,minecraft:snowy_slopes,1.0,1.0
66,2.7781310547524587,900.0,606.0063589855442,1.4851329307939964,1320.0,MOUNTAIN,minecraft:snowy_slopes,1.0,1.0
67,2.6481310547524597,900.0,603.6663589855443,1.4908897714831113,1340.0,MOUNTAIN,minecraft:snowy_slopes,1.0,1.0
68,2.518131054752459,900.0,601.3263589855443,1.496691416485263,1360.0,MOUNTAIN,minecraft:snowy_slopes,1.0,1.0
69,2.38813105475246,900.0,598.9863589855443,1.5025383908980143,1380.0,MOUNTAIN,minecraft:snowy_slopes,1.0,1.0
70,2.258131054752459,900.0,596.6463589855442,1.5084312280564935,1400.0,MOUNTAIN,minecraft:snowy_slopes,1.0,1.0
71,2.1281310547524583,900.0,594.3063589855442,1.5143704696955655,1420.0,MOUNTAIN,minecraft:snowy_slopes,1.0,1.0
72,1.9981310547524593,900.0,591.9663589855443,1.5203566661158492,1440.0,MOUNTAIN,minecraft:snowy_slopes,1.0,1.0
73,1.8681310547524586,900.0,589.6263589855442,1.5263903763536886,1460.0,MOUNTAIN,minecraft:snowy_slopes,1.0,1.0
74,1.7381310547524595,900.0,587.2863589855443,1.5324721683551872,1480.0,MOUNTAIN,minecraft:snowy_slopes,1.0,1.0
75,1.6081310547524588,900.0,584.9463589855443,1.53860261915442,1500.0,MOUNTAIN,minecraft:snowy_slopes,1.0,1.0
76,1.4781310547524598,900.0,582.6063589855443,1.544782315055938,1520.0,MOUNTAIN,minecraft:snowy_slopes,1.0,1.0
77,1.348131054752459,900.0,580.2663589855442,1.5510118518216927,1540.0,MOUNTAIN,minecraft:snowy_slopes,1.0,1.0
78,1.21813105475246,900.0,577.9263589855443,1.5572918348624962,1560.0,MOUNTAIN,minecraft:snowy_slopes,1.0,1.0
79,1.0881310547524592,900.0,575.5863589855443,1.5636228794341585,1580.0,MOUNTAIN,minecraft:snowy_slopes,1.0,1.0
80,0.9581310547524584,900.0,573.2463589855442,1.5700056108384206,1600.0,MOUNTAIN,minecraft:snowy_slopes,1.0,1.0
81,0.8281310547524594,900.0,570.9063589855442,1.5764406646288358,1620.0,MOUNTAIN,minecraft:snowy_slopes,1.0,1.0
82,0.6981310547524586,900.0,568.5663589855443,1.58292868682173,1640.0,MOUNTAIN,minecraft:snowy_slopes,1.0,1.0
83,0.5681310547524596,900.0,566.2263589855443,1.5894703341123986,1660.0,MOUNTAIN,minecraft:snowy_slopes,1.0,1.0
84,0.4381310547524588,900.0,563.8863589855442,1.5960662740966791,1680.0,MOUNTAIN,minecraft:snowy_slopes,1.0,1.0
85,0.3081310547524598,900.0,561.5463589855443,1.6027171854980693,1700.0,MOUNTAIN,minecraft:snowy_slopes,1.0,1.0
86,0.178131054752459,900.0,559.2063589855443,1.6094237584005466,1720.0,MOUNTAIN,minecraft:snowy_slopes,1.0,1.0
87,0.04813105475245999,900.0,556.8663589855443,1.6161866944872552,1740.0,MOUNTAIN,minecraft:snowy_slopes,1.0,1.0
88,-0.08186894524754079,900.0,554.5263589855442,1.623006707285238,1760.0,MOUNTAIN,minecraft:jagged_peaks,1.0,1.0
89,-0.21186894524754157,900.0,552.1863589855443,1.6298845224163916,1780.0,MOUNTAIN,minecraft:jagged_peaks,1.0,1.0
90,-0.3418689452475406,900.0,549.8463589855443,1.636820877854829,1800.0,MOUNTAIN,minecraft:jagged_peaks,1.0,1.0
91,-0.47186894524754136,900.0,547.5063589855442,1.6438165241908407,1820.0,MOUNTAIN,minecraft:jagged_peaks,1.0,1.0
92,-0.6018689452475403,900.0,545.1663589855443,1.6508722249016552,1840.0,MOUNTAIN,minecraft:jagged_peaks,1.0,1.0
93,-0.7318689452475411,900.0,542.8263589855443,1.657988756629203,1860.0,MOUNTAIN,minecraft:jagged_peaks,1.0,1.0
94,-0.8618689452475401,900.0,540.4863589855443,1.6651669094650938,1880.0,MOUNTAIN,minecraft:jagged_peaks,1.0,1.0
95,-0.9918689452475409,900.0,538.1463589855443,1.6724074872430303,1900.0,MOUNTAIN,minecraft:jagged_peaks,1.0,1.0
96,-1.1218689452475399,900.0,535.8063589855443,1.6797113078388854,1920.0,MOUNTAIN,minecraft:jagged_peaks,1.0,1.0
97,-1.2518689452475407,900.0,533.4663589855443,1.6870792034786732,1940.0,MOUNTAIN,minecraft:jagged_peaks,1.0,1.0
98,-1.3818689452475414,900.0,531.1263589855442,1.6945120210546647,1960.0,MOUNTAIN,minecraft:jagged_peaks,1.0,1.0
99,-1.5118689452475405,900.0,528.7863589855442,1.7020106224498954,1980.0,MOUNTAIN,minecraft:jagged_peaks,1.0,1.0
100,-1.6418689452475412,900.0,526.4463589855443,1.7095758848713267,2000.0,MOUNTAIN,minecraft:jagged_peaks,1.0,1.0
