case,x,rainfall,temperature,evaporation,ratio,winner,score
barrier,8000,1233.1573677007887,21.944502751063208,915.0010495191377,1.3477114243189692,minecraft:lukewarm_ocean,1.0
barrier,7000,1233.1573677007887,21.944502751063208,915.0010495191377,1.3477114243189692,minecraft:sparse_jungle,0.8929325826237213
barrier,5000,1141.5485253980212,22.310692375891847,955.6087054971986,1.1945773608289587,minecraft:forest,0.8683074110938619
barrier,2000,1011.0950606996917,22.699219508834116,996.4341661381646,1.014713359958689,minecraft:forest,0.8461311196343889
barrier,1400,982.7538715224474,11.737865731920369,804.0926966703348,1.222189774377917,minecraft:stony_peaks,1.0
barrier,1000,401.83810635730504,11.794985023606072,808.1641974843362,0.49722334595884327,minecraft:stony_peaks,1.0
barrier,500,401.8106096767359,22.914148810041617,1011.8388275679399,0.39710930113497384,minecraft:savanna,0.9192966921628568
barrier,0,401.782955975305,22.980831303679327,1016.2865765964762,0.3953441531431698,minecraft:savanna,0.919290177415815
barrier,-2000,456.88843548803857,23.164142957481577,1030.1789540168568,0.44350395016957656,minecraft:savanna,0.9235686660317429
